cpg,gene_genomic_context,statistical_rank,candidate_priority_score,robust_contrasts,tier1_contrasts,tier2_contrasts,tier3_contrasts,same_direction_contrasts,max_n_datasets,best_fdr,best_neg_log10_fdr,mean_i2,min_i2,strongest_contrast,strongest_supported_contrast,top_random_effect,top_effect_direction,max_abs_meta_effect,strict_internal_support_subset,likely_dataset_sensitive,priority_label,best_nonzero_folds,all5_any_run,r2_disease_group,r2_dataset,disease_r2_after_dataset,dataset_warning,UCSC_RefGene_Name,chr,pos,Relation_to_Island,UCSC_RefGene_Group,Regulatory_Feature_Group,Enhancer,DHS,DMR
cg10987682,intergenic; unannotated,1,116.10094949890768,4,4,0,0,4,6,2.070779326133493e-61,60.68386617949806,37.98101002184669,1.2757381554674792,disease_vs_healthy,Disease vs healthy,-0.17348192114218045,lower methylation in case/higher stage,0.1886433718348373,TRUE,FALSE,stage_and_binary_all5,6,TRUE,0.408853047213392,0.1801375178908004,0.2752569909627713,none,NA,chr2,23509827,OpenSea,NA,NA,TRUE,NA,NA
cg09870609,intergenic; unannotated,2,115.96782084409968,4,4,0,0,4,6,1.9267152088854544e-94,93.71518247442084,40.64358311800653,0,advanced_vs_nonadvanced,Advanced vs non-advanced,-0.14537851643264238,lower methylation in case/higher stage,0.1453818158486491,TRUE,FALSE,stage_and_binary_all5,6,TRUE,0.48883900897286975,0.20303028776812537,0.34547609248143996,none,NA,chr15,81702952,OpenSea,NA,Unclassified,TRUE,TRUE,NA
cg07953015,SELENOW,3,115.94014291771342,4,4,0,0,4,6,1.0849957729937783e-73,72.9645719537685,41.19714164573175,0,advanced_vs_nonadvanced,Advanced vs non-advanced,0.14798382207853158,higher methylation in case/higher stage,0.14798382207853158,TRUE,FALSE,stage_and_binary_all5,5,TRUE,0.4022653917170795,0.16697165627558683,0.2715842010032601,none,SEPW1,chr19,48285322,S_Shelf,3'UTR,Unclassified_Cell_type_specific,NA,NA,CDMR
cg09742465,intergenic/no-gene,4,113.687426381186,4,4,0,0,4,6,6.29957189135496e-47,46.20068896348922,33.06111786512864,0,advanced_vs_nonadvanced,Advanced vs non-advanced,-0.12500378674233795,lower methylation in case/higher stage,0.1339103483610672,TRUE,FALSE,stage_and_binary_all5,5,TRUE,0.42648608941093,0.1890665487769364,0.2605630331735098,none,NA,chr2,8618154,OpenSea,NA,Promoter_Associated,TRUE,NA,NA
cg08928408,intergenic; WWTR1-proximal,5,108.7702700256975,4,4,0,0,4,6,3.5812472605171675e-46,45.44596569290291,40.83811918669092,0,advanced_vs_nonadvanced,Advanced vs non-advanced,-0.17208621330490811,lower methylation in case/higher stage,0.17208621330490811,FALSE,FALSE,stage_replicated_all5,6,TRUE,0.3787644143476635,0.205117883593102,0.2447690190707313,none,NA,chr3,149454106,OpenSea,NA,NA,TRUE,NA,NA
cg24680129,intergenic/no-gene,6,108.742850051706,4,4,0,0,4,6,7.3117628799664955e-40,39.13597790118997,33.046689582539855,0.23633904644844492,disease_vs_healthy,Disease vs healthy,-0.1195908419565664,lower methylation in case/higher stage,0.1195908419565664,TRUE,FALSE,stage_and_binary_all5,5,TRUE,0.32427589103995114,0.1694764341234332,0.1935954780318743,none,NA,chr12,13318625,OpenSea,NA,Unclassified_Cell_type_specific,TRUE,TRUE,NA
cg05099464,ARHGEF12,7,107.46226113266084,4,4,0,0,4,6,4.143689781786342e-93,92.38261276559425,50.7547773467835,0,disease_vs_healthy,Disease vs healthy,-0.22279254891881825,lower methylation in case/higher stage,0.25158606275130646,FALSE,FALSE,stable_secondary,5,TRUE,0.4010563387108382,0.12264347752212848,0.3570455932440795,high_heterogeneity,ARHGEF12,chr11,120302922,OpenSea,Body,NA,TRUE,TRUE,NA
cg22946219,RAI1,8,107.20406433435691,4,4,0,0,4,6,2.2258980742442844e-65,64.65249472625771,25.91871331286164,0,disease_vs_healthy,Disease vs healthy,0.12655211526062063,higher methylation in case/higher stage,0.12847691303489608,FALSE,FALSE,stable_secondary,4,FALSE,0.30533656113769175,0.29533284618711036,0.19237271602184888,none,RAI1,chr17,17714414,Island,3'UTR,NA,TRUE,TRUE,NA
cg13175329,intergenic/no-gene,9,106.57064613221632,4,4,0,0,4,6,3.0612672054001446e-79,78.51409876097239,38.58707735567381,0,advanced_vs_nonadvanced,Advanced vs non-advanced,-0.1596743037920233,lower methylation in case/higher stage,0.1596743037920233,FALSE,FALSE,stable_secondary,4,FALSE,0.33664483451307664,0.16421889047266497,0.27255625419581647,none,NA,chr6,25035073,OpenSea,NA,Unclassified,TRUE,NA,NA
cg06974428,PIP4K2A,10,105.38806614605734,4,4,0,0,4,6,3.2602906984842676e-91,90.48674367504891,62.23867707885327,0,advanced_vs_nonadvanced,Advanced vs non-advanced,-0.21476619544297396,lower methylation in case/higher stage,0.21476619544297396,FALSE,FALSE,stable_secondary,4,FALSE,0.37839302846086864,0.06159515057128816,0.3540607831872749,high_heterogeneity,PIP4K2A,chr10,22972299,OpenSea,Body,Unclassified,TRUE,NA,NA
cg02246928,intergenic/no-gene,11,105.10900977445674,4,4,0,0,4,6,8.670818919696251e-36,35.06193988343385,48.68696287893934,0,advanced_vs_nonadvanced,Advanced vs non-advanced,-0.11772581010658892,lower methylation in case/higher stage,0.11838557338454148,TRUE,FALSE,stage_and_binary_all5,5,TRUE,0.3732759107273093,0.23334524429457812,0.22306912226819375,none,NA,chr6,144586678,OpenSea,NA,NA,TRUE,NA,NA
cg21519787,SPHK2,12,103.27623325540652,4,3,1,0,3,6,1.876972597072709e-50,49.7265420678299,50.646923841488345,0,advanced_vs_nonadvanced,Advanced vs non-advanced,0.16064387990955678,higher methylation in case/higher stage,0.16064387990955678,FALSE,FALSE,stage_replicated_all5,5,TRUE,0.27628011866723645,0.07196513738474306,0.2489347745041535,high_heterogeneity,SPHK2,chr19,49133421,Island,3'UTR,Gene_Associated,NA,TRUE,RDMR
cg07156249,PSMB9/TAP1,13,102.1169951971038,4,4,0,0,4,6,8.562938906323176e-41,40.0673771545116,58.6033762210862,9.790698210009351,advanced_vs_nonadvanced,Advanced vs non-advanced,-0.14689639820689915,lower methylation in case/higher stage,0.14689639820689915,FALSE,FALSE,stage_all5,5,TRUE,0.38963129721511447,0.21453526016878807,0.2862374033351289,high_heterogeneity,PSMB9;PSMB9;TAP1,chr6,32822911,S_Shore,Body;Body;TSS1500,NA,NA,NA,NA
cg02033582,intergenic/no-gene,14,101.39311245598287,4,4,0,0,4,6,1.7815010724437968e-29,28.74921391187245,34.626745646556564,0,advanced_vs_nonadvanced,Advanced vs non-advanced,-0.12014445616688114,lower methylation in case/higher stage,0.1523885878701629,TRUE,FALSE,stage_and_binary_all5,6,TRUE,0.42605972085195304,0.3068902095729439,0.1971671702946296,none,NA,chr17,29394814,OpenSea,NA,NA,TRUE,TRUE,NA
cg18680181,PRORP,15,101.08594546783748,4,4,0,0,4,6,2.537356381324136e-29,28.595618530187537,38.61975006587561,0.33419878202734654,advanced_vs_nonadvanced,Advanced vs non-advanced,-0.11797932090530648,lower methylation in case/higher stage,0.13349822703205114,TRUE,FALSE,stage_and_binary_all5,6,TRUE,0.3265174492924324,0.21983542646052096,0.1933659033253312,none,KIAA0391,chr14,35629311,OpenSea,Body,Unclassified_Cell_type_specific,TRUE,TRUE,NA
cg10732871,GPX4,16,100.09324588428052,4,4,0,0,4,6,3.5222979210224633e-43,42.453173913563475,62.479517104278,21.646552112662548,advanced_vs_nonadvanced,Advanced vs non-advanced,-0.1873733638256028,lower methylation in case/higher stage,0.1873733638256028,FALSE,FALSE,stable_secondary,4,FALSE,0.3935854094432451,0.14654331951601343,0.35562300451981776,high_heterogeneity,GPX4;GPX4,chr19,1102675,N_Shore,TSS1500;TSS1500,Unclassified_Cell_type_specific,NA,TRUE,NA
cg20303075,intergenic/no-gene,17,99.34459120619302,4,3,1,0,4,6,1.077321028249925e-40,39.96765486306917,52.655343959107995,0,advanced_vs_nonadvanced,Advanced vs non-advanced,-0.1284622973762704,lower methylation in case/higher stage,0.1284622973762704,FALSE,FALSE,stage_replicated_all5,5,TRUE,0.3708854192782847,0.2564666392318511,0.1900530747539144,high_heterogeneity,NA,chr8,80804323,Island,NA,NA,NA,NA,NA
cg26027052,intergenic/no-gene,18,98.13613976800411,4,4,0,0,4,6,6.764803215826755e-40,39.169744832255354,55.65363229149255,9.415016426242955,disease_vs_healthy,Disease vs healthy,-0.1439865778731744,lower methylation in case/higher stage,0.14769842857449386,FALSE,FALSE,stable_secondary,4,FALSE,0.3143759165410431,0.14559276070179494,0.2619665353528448,high_heterogeneity,NA,chr6,36821364,OpenSea,NA,NA,TRUE,NA,NA
cg00225623,SPATA13,19,97.94170850037204,4,3,1,0,3,6,8.55689230511968e-51,50.06768393389672,51.16582999255913,0,fibrosis_vs_nonfibrosis,Fibrosis vs non-fibrosis,-0.1521123309987829,lower methylation in case/higher stage,0.17478478016110924,FALSE,FALSE,stable_secondary,4,FALSE,0.29761193549969284,0.17322603837447434,0.25046547318531287,high_heterogeneity,SPATA13;SPATA13,chr13,24845891,OpenSea,Body;Body,Promoter_Associated,TRUE,TRUE,RDMR
cg09072216,SPART,20,96.73241410092427,4,4,0,0,4,6,6.0146470304549914e-37,36.22078985414685,42.44277593957035,0,advanced_vs_nonadvanced,Advanced vs non-advanced,-0.140762091980567,lower methylation in case/higher stage,0.140762091980567,FALSE,FALSE,stable_secondary,6,FALSE,0.2552218871460468,0.1381807570229424,0.20710772247246367,none,SPG20;SPG20;SPG20;SPG20,chr13,36919344,N_Shore,5'UTR;5'UTR;5'UTR;5'UTR,NA,NA,NA,CDMR
cg25305879,intergenic/no-gene,21,96.627813305566,4,4,0,0,4,6,5.09629895402733e-28,27.29274510377391,29.542165341514888,0,disease_vs_healthy,Disease vs healthy,-0.08683187512064211,lower methylation in case/higher stage,0.09654719603603844,FALSE,FALSE,stage_replicated_all5,5,TRUE,0.39157329729356966,0.3280171057571276,0.13619720470314672,none,NA,chr2,106814630,S_Shelf,NA,NA,TRUE,TRUE,NA
cg16351569,intergenic/no-gene,22,95.40461359033318,3,3,0,0,3,6,1.1851112865675906e-65,64.92624086579488,51.90772819333633,0,advanced_vs_nonadvanced,Advanced vs non-advanced,-0.1627848698619138,lower methylation in case/higher stage,0.1627848698619138,FALSE,FALSE,stage_replicated_all5,6,TRUE,0.4018204983716507,0.26542793815804083,0.24107402010662576,high_heterogeneity,NA,chr17,43448493,N_Shore,NA,Unclassified_Cell_type_specific,NA,NA,NA
cg13750566,intergenic/no-gene,23,94.9071514515027,4,4,0,0,4,6,7.232086580094475e-26,25.140736383274923,33.82728033579484,0,advanced_vs_nonadvanced,Advanced vs non-advanced,0.13161445222656343,higher methylation in case/higher stage,0.13161445222656343,FALSE,FALSE,stage_replicated_all5,5,TRUE,0.23773903277824457,0.09565652367217846,0.22658065444643,none,NA,chr9,92222745,S_Shore,NA,NA,NA,NA,NA
cg02439266,HOXA3,24,94.46032279197472,4,4,0,0,4,6,6.1266103054985e-25,24.21277974290193,29.77246056113268,0,disease_vs_healthy,Disease vs healthy,0.10546975737684625,higher methylation in case/higher stage,0.10546975737684625,FALSE,FALSE,stage_replicated_all5,5,TRUE,0.1538756368811096,0.07645213762018933,0.1349787680884979,none,HOXA3;HOXA3;HOXA3,chr7,27150042,Island,5'UTR;Body;Body,NA,TRUE,NA,NA
cg25792518,ACSF2/CHAD,25,93.94050820585568,3,3,0,0,3,6,1.0529092598367929e-50,49.9776090548831,40.87636265124936,0,advanced_vs_nonadvanced,Advanced vs non-advanced,0.13490333650263198,higher methylation in case/higher stage,0.13490333650263198,FALSE,FALSE,stage_all5,5,TRUE,0.28626672621681987,0.08179983955396095,0.26447884076278916,none,ACSF2;CHAD,chr17,48545950,Island,Body;1stExon,NA,TRUE,NA,NA
cg13052638,intergenic/no-gene,26,93.22658003250366,4,4,0,0,4,6,1.546576965750399e-19,18.810628462360473,58.817197822973185,40.67644012780784,advanced_vs_nonadvanced,Advanced vs non-advanced,-0.16883633456969488,lower methylation in case/higher stage,0.16883633456969488,TRUE,FALSE,stage_and_binary_all5,5,TRUE,0.4271178868250825,0.15715435729519514,0.34230551032014356,high_heterogeneity,NA,chr1,206677719,N_Shelf,NA,Unclassified_Cell_type_specific,NA,TRUE,NA
cg04807036,intergenic/no-gene,27,90.72719830653756,3,3,0,0,3,6,3.5812472605171675e-46,45.44596569290291,41.69955356988979,0,advanced_vs_nonadvanced,Advanced vs non-advanced,0.15775896100592005,higher methylation in case/higher stage,0.15775896100592005,FALSE,FALSE,stage_all5,5,TRUE,0.26051109896142155,0.05362739667402836,0.246223022562953,none,NA,chr6,33681788,S_Shelf,NA,NA,NA,NA,NA
cg06686742,CERS4,28,90.1851767733916,3,3,0,0,3,6,4.752894107819695e-41,40.32304186146831,20.819050592724334,0,advanced_vs_nonadvanced,Advanced vs non-advanced,0.12231953226563148,higher methylation in case/higher stage,0.12231953226563148,FALSE,FALSE,stage_replicated_all5,5,TRUE,0.2099535445487073,0.06880402052023599,0.19048025896924276,none,LASS4,chr19,8273505,N_Shore,TSS1500,NA,NA,NA,NA
cg24249925,DDR2,29,89.45440459584961,4,4,0,0,4,6,1.513872923683423e-11,10.819910578507876,22.3906561821182,0,advanced_vs_nonadvanced,Advanced vs non-advanced,0.0965270937245546,higher methylation in case/higher stage,0.1048946560100448,TRUE,FALSE,stage_and_binary_all5,5,TRUE,0.0972381082715824,0.0475948529630988,0.07598433779898624,none,DDR2;DDR2,chr1,162702571,OpenSea,Body;Body,NA,TRUE,NA,NA
cg24921221,LONRF1,30,89.13945165008299,4,4,0,0,4,6,2.4818783955454416e-20,19.605219501418023,71.68404001819263,54.43199416969931,advanced_vs_nonadvanced,Advanced vs non-advanced,-0.2383826451349013,lower methylation in case/higher stage,0.2383826451349013,FALSE,FALSE,stage_replicated_all5,5,TRUE,0.4435024479414516,0.11881026700695552,0.41150493359511464,high_heterogeneity,LONRF1,chr8,12584192,OpenSea,Body,NA,TRUE,NA,NA
cg00639517,MGMT,31,88.73017493244686,3,3,0,0,3,6,4.493829691006268e-34,33.34738339067473,32.259868820509034,0,advanced_vs_nonadvanced,Advanced vs non-advanced,0.17204562361648132,higher methylation in case/higher stage,0.17204562361648132,TRUE,FALSE,stage_and_binary_all5,6,TRUE,0.2805010241140965,0.0397556551342679,0.24538791205667307,none,MGMT,chr10,131505762,OpenSea,Body,NA,NA,NA,NA
cg19718309,intergenic/no-gene,32,87.94220767128088,4,4,0,0,4,6,8.859419452535554e-15,14.052594735993418,17.89217287829031,0,disease_vs_healthy,Disease vs healthy,-0.08085672826942195,lower methylation in case/higher stage,0.10107785662989235,FALSE,FALSE,stage_replicated_all5,5,TRUE,0.13211113744948283,0.06329527269750211,0.12237225856002087,none,NA,chr14,100632904,OpenSea,NA,Unclassified,TRUE,TRUE,NA
cg00079169,THOP1,33,87.18768862195736,3,2,1,0,2,6,3.419414819775824e-77,76.46604821040209,56.24622756085262,0,advanced_vs_nonadvanced,Advanced vs non-advanced,0.24713074262810028,higher methylation in case/higher stage,0.24713074262810028,FALSE,FALSE,stage_replicated_all5,6,TRUE,0.3890575273697517,0.01675413954127842,0.38662239069124815,high_heterogeneity,THOP1,chr19,2811669,Island,Body,NA,NA,NA,NA
cg04231636,KDM1B,34,87.12811086635362,3,3,0,0,3,6,3.5812472605171675e-46,45.44596569290291,43.68130237356841,0,advanced_vs_nonadvanced,Advanced vs non-advanced,0.1722203869761165,higher methylation in case/higher stage,0.1722203869761165,FALSE,FALSE,stable_secondary,4,FALSE,0.28186518341024824,0.02862666220426987,0.25825833192294817,none,KDM1B,chr6,18186411,OpenSea,Body,NA,TRUE,NA,NA
cg20901787,ASPSCR1,35,86.01802237590174,3,3,0,0,3,6,5.337051696931952e-43,42.27269859041666,21.457332747798517,0,advanced_vs_nonadvanced,Advanced vs non-advanced,0.11700139695637486,higher methylation in case/higher stage,0.11700139695637486,FALSE,FALSE,stable_secondary,4,FALSE,0.2122831063249305,0.06644570948606204,0.19081068184687736,none,ASPSCR1,chr17,79936477,S_Shore,Body,NA,NA,NA,NA
cg05033369,FCRLA,36,85.48722226240744,4,4,0,0,4,6,6.22140500586467e-23,22.206111525696898,71.14111611160759,52.23570745565789,advanced_vs_nonadvanced,Advanced vs non-advanced,-0.17463444961915175,lower methylation in case/higher stage,0.17463444961915175,FALSE,FALSE,stable_secondary,4,FALSE,0.4018566201164888,0.15038398406168998,0.3645265723446801,high_heterogeneity,FCRLA,chr1,161676469,OpenSea,TSS1500,NA,TRUE,TRUE,NA
cg08608952,CDC42,37,85.38092881701736,4,4,0,0,4,6,1.199843935890722e-12,11.920875239110067,39.27367700719378,0,advanced_vs_nonadvanced,Advanced vs non-advanced,-0.07944476244413234,lower methylation in case/higher stage,0.09222176411196548,FALSE,FALSE,stage_replicated_all5,5,TRUE,0.2935665363598693,0.24679482052194512,0.0994439358028904,none,CDC42;CDC42;CDC42,chr1,22383198,S_Shelf,5'UTR;5'UTR;5'UTR,NA,NA,NA,NA
cg27508753,EFHD1,38,85.10400140202033,4,4,0,0,4,6,5.057903562390414e-21,20.296029455482117,52.064384336343,29.890258853252217,disease_vs_healthy,Disease vs healthy,0.18543408284725316,higher methylation in case/higher stage,0.18936682277897535,FALSE,FALSE,stable_secondary,4,FALSE,0.28942449926580216,0.02375832300707314,0.2760278635751221,high_heterogeneity,EFHD1,chr2,233495279,N_Shelf,Body,NA,NA,NA,NA
cg06474225,HTRA1,39,84.5526791056961,4,4,0,0,4,6,6.003079703394272e-21,20.221625890441473,62.04918035225864,31.194189446729904,advanced_vs_nonadvanced,Advanced vs non-advanced,-0.16083829310969375,lower methylation in case/higher stage,0.16083829310969375,FALSE,FALSE,stable_secondary,4,FALSE,0.3607976186572299,0.17028388780544054,0.2953245009932455,high_heterogeneity,HTRA1,chr10,124228770,OpenSea,Body,NA,TRUE,TRUE,CDMR
cg19543317,JDP2,40,84.41650203173151,4,4,0,0,4,6,7.848995643062474e-12,11.105185911991288,7.142562133247757,0,advanced_vs_nonadvanced,Advanced vs non-advanced,0.10132981601829465,higher methylation in case/higher stage,0.10132981601829465,FALSE,FALSE,stage_all5,5,TRUE,0.15466991200815797,0.13734331018070553,0.08284108928015571,none,JDP2;JDP2;JDP2;JDP2,chr14,75918155,OpenSea,Body;Body;Body;Body,NA,TRUE,NA,NA
cg12101256,KCNT2,41,84.39153711301444,3,3,0,0,3,6,4.0660625929632176e-42,41.39082594011773,41.64082090135935,0,advanced_vs_nonadvanced,Advanced vs non-advanced,0.13671838453298318,higher methylation in case/higher stage,0.13671838453298318,FALSE,FALSE,stable_secondary,4,FALSE,0.3621137741327085,0.1918481912140484,0.21190832509014307,none,KCNT2,chr1,196547408,OpenSea,Body,NA,TRUE,NA,NA
cg02289739,MKLN1,42,84.11847403241774,4,3,1,0,4,6,7.115267427953191e-28,27.147808772276573,67.69984216351732,29.2378243971191,advanced_vs_nonadvanced,Advanced vs non-advanced,0.2122082673802524,higher methylation in case/higher stage,0.2122082673802524,FALSE,FALSE,stable_secondary,4,FALSE,0.44853254763970657,0.07083833929564529,0.39421695833227766,high_heterogeneity,MKLN1;MKLN1,chr7,131156554,OpenSea,Body;Body,NA,TRUE,NA,NA
cg24207161,TIAM2,43,83.34473768936624,4,4,0,0,4,6,2.0174057324338396e-8,7.695206749463534,20.838140705164783,0,fibrosis_vs_nonfibrosis,Fibrosis vs non-fibrosis,-0.06935942973058433,lower methylation in case/higher stage,0.08265656238744554,FALSE,FALSE,stage_replicated_all5,6,TRUE,0.20922166978225917,0.18106618846449887,0.06379440673451431,none,TIAM2,chr6,155464712,OpenSea,Body,Promoter_Associated_Cell_type_specific,NA,NA,NA
cg07780694,SCLY,44,83.27791639965696,4,3,1,0,3,6,1.739874056709208e-15,14.759482187611548,41.074422633422586,0,fibrosis_vs_nonfibrosis,Fibrosis vs non-fibrosis,0.10073556054554304,higher methylation in case/higher stage,0.10073556054554304,TRUE,FALSE,stage_and_binary_all5,6,TRUE,0.182722838812499,0.08713336690702746,0.13941753486585284,none,SCLY,chr2,238990408,OpenSea,Body,NA,NA,NA,NA
cg00692780,EPHA4,45,82.55872735781605,4,4,0,0,4,6,2.2073060944127567e-9,8.656137437614648,60.01137697028398,32.93264830577461,progression_score,Ordinal progression score,0.06405081568599337,higher methylation in case/higher stage,0.11333448620956715,TRUE,FALSE,stage_and_binary,6,FALSE,0.3097849077239178,0.08663182005982026,0.2358289790913528,high_heterogeneity,EPHA4,chr2,222434778,N_Shore,Body,NA,NA,NA,NA
cg03536711,LOC400804,46,82.35934112751751,4,4,0,0,4,6,4.6135531910931203e-8,7.335964467907435,35.51668000035401,0,advanced_vs_nonadvanced,Advanced vs non-advanced,-0.05337468416920276,lower methylation in case/higher stage,0.08080533044220256,FALSE,FALSE,stage_replicated_all5,5,TRUE,0.3786434920872372,0.37118334391879254,0.09026937023988152,none,LOC400804,chr1,221509067,OpenSea,Body,NA,TRUE,NA,NA
cg09449150,intergenic/no-gene,47,82.32861897958279,4,4,0,0,4,6,6.649804334860783e-16,15.177191133274404,35.90829627418587,0,disease_vs_healthy,Disease vs healthy,-0.0657891904165636,lower methylation in case/higher stage,0.08722984379265845,FALSE,FALSE,stable_secondary,4,FALSE,0.3659647485403431,0.344614890510758,0.09399276354718572,none,NA,chr11,129731815,OpenSea,NA,NA,TRUE,TRUE,NA
cg06890813,LOC100131726/FAM83A,48,81.55999979397235,4,3,1,0,3,6,7.242061294052266e-11,10.140137803800142,10.761933373754914,0,advanced_vs_nonadvanced,Advanced vs non-advanced,0.07791214687677062,higher methylation in case/higher stage,0.07791214687677062,TRUE,FALSE,stage_and_binary_all5,5,TRUE,0.16552465753025641,0.11539481684650028,0.08102400213797487,none,LOC100131726;FAM83A;FAM83A,chr8,124214953,OpenSea,Body;Body;Body,NA,NA,TRUE,NA
cg03157698,GPAM,49,81.22925166112746,4,3,1,0,3,6,3.244717455337114e-17,16.488823114866822,26.258490385586196,0,advanced_vs_nonadvanced,Advanced vs non-advanced,0.09836982217666206,higher methylation in case/higher stage,0.09836982217666206,FALSE,FALSE,stage_replicated_all5,5,TRUE,0.19825186637257977,0.14991455216592764,0.10211627444198428,none,GPAM,chr10,113943648,Island,TSS200,Promoter_Associated_Cell_type_specific,NA,NA,NA
cg23045908,PDE4B,50,81.15647395938953,4,4,0,0,4,6,1.1910522843506936e-8,7.924069173608237,67.80748924272473,49.76046608625763,advanced_vs_nonadvanced,Advanced vs non-advanced,-0.17492535583982938,lower methylation in case/higher stage,0.17492535583982938,FALSE,FALSE,stage_replicated_all5,5,TRUE,0.2812010013950979,0.1281753669146243,0.222713672543728,high_heterogeneity,PDE4B;PDE4B;PDE4B;PDE4B,chr1,66799419,OpenSea,Body;Body;Body;Body,Promoter_Associated_Cell_type_specific,TRUE,NA,NA
cg13814654,TBC1D8,51,80.92763590048747,4,3,1,0,4,6,7.777077751296428e-11,10.109183559166231,82.975851818577965,73.9562361100781,progression_score,Ordinal progression score,0.09056557406637288,higher methylation in case/higher stage,0.15154654298228237,FALSE,FALSE,stage_and_binary_all5,5,TRUE,0.48005339615980447,0.07022227771474339,0.4396579560513763,high_heterogeneity,TBC1D8,chr2,101666894,OpenSea,Body,NA,NA,NA,NA
cg19709146,FNBP4,52,80.8776041406113,4,4,0,0,4,6,2.431571036519285e-12,11.614113038323772,15.045499724306794,0,advanced_vs_nonadvanced,Advanced vs non-advanced,0.10085830407192654,higher methylation in case/higher stage,0.10321011287664592,FALSE,FALSE,stable_secondary,4,FALSE,0.1913805063149174,0.15037113308058975,0.095296627007892,none,FNBP4,chr11,47745115,OpenSea,Body,NA,TRUE,NA,NA
cg10051724,intergenic/no-gene,53,80.2169043997057,4,3,1,0,3,6,5.3040215116994264e-12,11.275394723216891,53.5174381309225,7.879831777813713,progression_score,Ordinal progression score,0.04453962429673807,higher methylation in case/higher stage,0.09892192856483507,TRUE,FALSE,stage_and_binary_all5,5,TRUE,0.24168584986809188,0.19173385729881395,0.14004773996589517,high_heterogeneity,NA,chr7,158752437,Island,NA,NA,NA,NA,NA
cg09919917,intergenic/no-gene,54,79.77652706006556,3,3,0,0,3,6,1.202663739944601e-21,20.91985578271849,37.34743975674751,0,progression_score,Ordinal progression score,0.04925830001014945,higher methylation in case/higher stage,0.11161597515370351,TRUE,FALSE,stage_and_binary_all5,6,TRUE,0.1626306432171177,0.0645142496618942,0.15414139475601782,none,NA,chr2,242834074,S_Shore,NA,NA,TRUE,NA,NA
cg26052377,KALRN,55,79.73367889819126,3,3,0,0,3,6,1.5727434104647472e-26,25.80334212576133,26.573211796833615,0,advanced_vs_nonadvanced,Advanced vs non-advanced,0.1500633722054399,higher methylation in case/higher stage,0.1500633722054399,FALSE,FALSE,stage_replicated_all5,5,TRUE,0.23678199852432377,0.09711801488833972,0.1911423871461612,none,KALRN;KALRN,chr3,124356493,OpenSea,Body;Body,NA,TRUE,NA,NA
cg18432877,HELZ,56,79.52703168730542,3,3,0,0,3,6,1.5814862197596935e-34,33.80093458794579,62.67245048513239,25.107608445045333,advanced_vs_nonadvanced,Advanced vs non-advanced,0.1662812106334412,higher methylation in case/higher stage,0.1662812106334412,FALSE,FALSE,stable_secondary,5,TRUE,0.5468751799977489,0.3542329990723231,0.2762185018508434,high_heterogeneity,HELZ,chr17,65190638,OpenSea,Body,NA,TRUE,NA,NA
cg04898035,MTUS1,57,78.93185996957452,3,3,0,0,3,6,2.756207467108187e-26,25.55968809502672,39.19843393888398,6.428570688755839,advanced_vs_nonadvanced,Advanced vs non-advanced,0.18913723791594855,higher methylation in case/higher stage,0.18913723791594855,FALSE,FALSE,stage_replicated_all5,5,TRUE,0.2554819730336352,0.09107419287631238,0.20329581073353584,none,MTUS1;MTUS1,chr8,17640624,OpenSea,5'UTR;5'UTR,NA,TRUE,NA,NA
cg05845376,SLC25A2,58,78.6644028875435,4,4,0,0,4,6,1.0181530525371131e-10,9.992186932337118,36.602559301849865,14.08843702019652,disease_vs_healthy,Disease vs healthy,0.08540657638986965,higher methylation in case/higher stage,0.09382198392057464,FALSE,FALSE,stable_secondary,4,FALSE,0.14389532016241974,0.12951614809576398,0.13531658008339223,none,SLC25A2,chr5,140683632,Island,TSS200,NA,NA,NA,NA
cg23340345,EFHD1,59,78.60304115140987,4,4,0,0,4,6,1.2052721945996193e-12,11.91891486241422,64.80398504560156,53.1508557236255,advanced_vs_nonadvanced,Advanced vs non-advanced,0.14297280866644776,higher methylation in case/higher stage,0.14297280866644776,FALSE,FALSE,stable_secondary,4,FALSE,0.3988431099160245,0.19373502097283615,0.2852883994815989,high_heterogeneity,EFHD1;EFHD1,chr2,233501672,S_Shore,Body;Body,Unclassified_Cell_type_specific,NA,NA,NA
cg06734985,intergenic/no-gene,60,78.47124443626836,4,4,0,0,4,6,1.361807970974041e-10,9.865884128125138,38.697489068384634,0,fibrosis_vs_nonfibrosis,Fibrosis vs non-fibrosis,-0.07332293324760987,lower methylation in case/higher stage,0.11839468213208812,FALSE,FALSE,stable_secondary,4,FALSE,0.3970826715972557,0.3968961886396235,0.10400446491314008,none,NA,chr11,26849501,OpenSea,NA,NA,TRUE,NA,NA
cg24735235,FLJ37453,61,78.45012601090563,4,3,1,0,3,6,7.003197128075253e-13,12.154703648829734,21.16333086550344,0,advanced_vs_nonadvanced,Advanced vs non-advanced,0.09108388278482728,higher methylation in case/higher stage,0.09108388278482728,FALSE,FALSE,stage_replicated_all5,5,TRUE,0.10364119580354005,0.03173138523227938,0.08833186250941502,none,FLJ37453,chr1,16163479,N_Shore,Body,NA,NA,NA,NA
cg05084668,ALG1L,62,78.39910612362317,4,4,0,0,4,6,1.6189861687245598e-8,7.790756861482735,11.088473588294727,0,disease_vs_healthy,Disease vs healthy,0.05638250365513022,higher methylation in case/higher stage,0.05731813935050687,FALSE,FALSE,stable_secondary,4,FALSE,0.19346754247855055,0.17157760848956283,0.07624339988291068,none,ALG1L,chr3,125655381,OpenSea,5'UTR,Unclassified_Cell_type_specific,NA,TRUE,NA
cg24435571,ARL3,63,78.31509885135372,4,4,0,0,4,6,9.083472416919418e-12,11.041748098260596,58.28249634857386,27.161654035569676,disease_vs_healthy,Disease vs healthy,-0.1073764629296497,lower methylation in case/higher stage,0.16560121366994263,FALSE,FALSE,stable_secondary,4,FALSE,0.3285594727766117,0.21712388351452896,0.23343109448721253,high_heterogeneity,ARL3,chr10,104436140,OpenSea,3'UTR,NA,TRUE,TRUE,NA
cg20457145,KTN1,64,77.9841052329412,4,3,1,0,4,6,4.265552280772745e-19,18.37002473074171,67.4982415715599,29.271559330317125,progression_score,Ordinal progression score,0.07163923997930707,higher methylation in case/higher stage,0.15646003807358363,FALSE,FALSE,stable_secondary,4,FALSE,0.4321255422100138,0.1244935173863143,0.3645467997784591,high_heterogeneity,KTN1;KTN1;KTN1;KTN1,chr14,56060624,OpenSea,5'UTR;5'UTR;5'UTR;5'UTR,NA,TRUE,NA,NA
cg08840441,GMIP,65,77.75679905358942,4,4,0,0,4,6,6.779989909045226e-10,9.16877095251188,43.22681226337821,28.62538968362456,advanced_vs_nonadvanced,Advanced vs non-advanced,0.12896588224234093,higher methylation in case/higher stage,0.12896588224234093,FALSE,FALSE,stable_secondary,4,FALSE,0.23788196342549128,0.15113023903550138,0.18979600246905096,none,GMIP,chr19,19748461,Island,Body,NA,NA,TRUE,NA
cg09776041,NADSYN1,66,77.70842590960336,4,3,1,0,4,6,1.2659039623692275e-9,8.897599240760345,60.39787117857742,39.323014963042326,disease_vs_healthy,Disease vs healthy,-0.10443985794893144,lower methylation in case/higher stage,0.10443985794893144,TRUE,FALSE,stage_and_binary,4,FALSE,0.14670955557869572,0.07950756385590826,0.16555733002380288,high_heterogeneity,NADSYN1,chr11,71200489,OpenSea,Body,Unclassified_Cell_type_specific,TRUE,TRUE,NA
cg06512249,GABBR1,67,77.23517218159918,3,3,0,0,3,6,8.346825366702481e-32,31.078478672765783,40.39525778673717,0,advanced_vs_nonadvanced,Advanced vs non-advanced,0.12297193183418775,higher methylation in case/higher stage,0.12297193183418775,FALSE,FALSE,stable_secondary,4,FALSE,0.2728353024908312,0.13183520103725582,0.1764825633184634,none,GABBR1;GABBR1,chr6,29599390,N_Shore,Body;Body,NA,NA,TRUE,RDMR
cg02080909,BAIAP2,68,77.19076744494092,4,3,1,0,3,6,4.6236954041287056e-21,20.33501078372751,50.8748020733669,19.148934373523215,advanced_vs_nonadvanced,Advanced vs non-advanced,0.16427827267728426,higher methylation in case/higher stage,0.16427827267728426,FALSE,FALSE,stable_secondary,4,FALSE,0.27916655907734617,0.03393270297581272,0.26663780885264643,high_heterogeneity,BAIAP2;BAIAP2;BAIAP2;BAIAP2,chr17,79058333,OpenSea,Body;Body;Body;Body,Unclassified,NA,NA,NA
cg11394588,IGFALS,69,77.13213871624546,4,3,1,0,3,6,5.018272686629081e-20,19.29944574336404,37.54946608218722,0,advanced_vs_nonadvanced,Advanced vs non-advanced,0.08945909315534907,higher methylation in case/higher stage,0.09689651268097813,FALSE,FALSE,stable_secondary,4,FALSE,0.20499523234977585,0.11754106113390982,0.11654942462353504,none,IGFALS;IGFALS;IGFALS,chr16,1842068,Island,Body;Body;Body,NA,NA,NA,NA
cg23180841,intergenic/no-gene,70,76.32468579279951,3,3,0,0,3,6,1.3611142610386959e-22,21.866105415681528,39.631759963551175,9.803201886595136,disease_vs_healthy,Disease vs healthy,0.10968209182410346,higher methylation in case/higher stage,0.10968209182410346,FALSE,FALSE,stage_replicated_all5,5,TRUE,0.21403989236064316,0.04992647422706482,0.17396203790407927,none,NA,chr2,28897312,OpenSea,NA,NA,TRUE,NA,NA
cg08223651,TRIM39,71,76.01122095328526,4,4,0,0,4,6,2.1622538254176535e-9,8.665093325874013,71.08688749653098,61.30058439009613,progression_score,Ordinal progression score,0.07338256266346804,higher methylation in case/higher stage,0.12611815119530786,FALSE,FALSE,stable_secondary,4,FALSE,0.40833444444844,0.11413593809796556,0.32056727517749045,high_heterogeneity,TRIM39;TRIM39,chr6,30308712,OpenSea,Body;Body,NA,NA,NA,NA
cg20502977,COL6A3,72,75.92051808947282,3,3,0,0,3,6,4.8710730439943454e-18,17.31237535793268,63.96289322160104,42.1040595324904,disease_vs_healthy,Disease vs healthy,0.14344657268942915,higher methylation in case/higher stage,0.14344657268942915,TRUE,FALSE,stage_and_binary_all5,6,TRUE,0.32819710838023597,0.07190231457861232,0.2666727443317086,high_heterogeneity,COL6A3;COL6A3;COL6A3,chr2,238235136,OpenSea,Body;Body;Body,NA,TRUE,NA,NA
cg03714676,KIAA0146,73,75.5927089556106,4,4,0,0,4,6,2.3839264580740402e-9,8.622707146308173,78.86372093610231,66.95508997110467,progression_score,Ordinal progression score,0.07093182938020001,higher methylation in case/higher stage,0.15844110854961763,FALSE,FALSE,stable_secondary,4,FALSE,0.5007827038192879,0.20121640297467977,0.3492132235763851,high_heterogeneity,KIAA0146,chr8,48174649,S_Shore,Body,Promoter_Associated,NA,NA,RDMR
cg01739725,intergenic/no-gene,74,75.48339378885822,3,3,0,0,3,6,8.827118067918652e-28,27.05418106442856,19.09065912483515,0,advanced_vs_nonadvanced,Advanced vs non-advanced,0.10448663070650428,higher methylation in case/higher stage,0.10448663070650428,FALSE,FALSE,stable_secondary,4,FALSE,0.1798154254927608,0.08626510352879217,0.14885041787269487,none,NA,chr14,38071393,S_Shelf,NA,NA,NA,NA,NA
cg21443659,intergenic/no-gene,75,75.32481116908404,4,4,0,0,4,6,4.458038754844293e-4,3.3508561604089744,40.41576286404484,0,disease_vs_healthy,Disease vs healthy,0.09248076169754152,higher methylation in case/higher stage,0.09248076169754152,FALSE,FALSE,stable_secondary,5,TRUE,0.12864905593614195,0.08767429897990897,0.07662454164535257,none,NA,chr2,217745721,OpenSea,NA,NA,TRUE,NA,NA
cg02072170,FAM43A,76,74.936031399999,3,3,0,0,3,6,5.632532024462004e-29,28.24929633036177,46.76952062508488,0,advanced_vs_nonadvanced,Advanced vs non-advanced,-0.11589028911807106,lower methylation in case/higher stage,0.11589028911807106,FALSE,FALSE,stable_secondary,4,FALSE,0.25323273006775093,0.1540792689149118,0.1841621352663157,none,FAM43A,chr3,194406190,N_Shore,TSS1500,Promoter_Associated,NA,NA,CDMR
cg15209053,GRID1,77,74.91243176022927,3,3,0,0,3,6,6.2463268731689445e-28,27.204375292680417,32.612618892940546,0,disease_vs_healthy,Disease vs healthy,0.1244000028693862,higher methylation in case/higher stage,0.1244000028693862,FALSE,FALSE,stable_secondary,4,FALSE,0.2053029838127908,0.05599265352605362,0.176989592485083,none,GRID1,chr10,87426906,OpenSea,Body,NA,TRUE,NA,NA
cg20799176,intergenic/no-gene,78,74.8873751543668,4,4,0,0,4,6,1.3589641915463452e-5,4.866791986695552,40.38758472640197,0,advanced_vs_nonadvanced,Advanced vs non-advanced,-0.02881808191600418,lower methylation in case/higher stage,0.06623167988326682,FALSE,FALSE,stable_secondary,4,FALSE,0.38336501921798866,0.3443251217470843,0.08643137922300242,none,NA,chr11,115477699,OpenSea,NA,NA,TRUE,NA,NA
cg04984818,ZFYVE21,79,74.69930088154958,4,3,1,0,4,6,5.427275744756468e-7,6.265418112567584,73.72983594495476,63.696642586251215,progression_score,Ordinal progression score,0.08342758212563901,higher methylation in case/higher stage,0.15719104234768172,FALSE,FALSE,stage_replicated_all5,6,TRUE,0.35469372479464484,0.03089996882106321,0.3255859323050719,high_heterogeneity,ZFYVE21,chr14,104195301,S_Shore,Body,NA,NA,NA,NA
cg16579770,DHODH,80,74.14691445839188,3,3,0,0,3,6,2.756207467108187e-26,25.55968809502672,24.89734416253675,0,advanced_vs_nonadvanced,Advanced vs non-advanced,0.1263243812325077,higher methylation in case/higher stage,0.1263243812325077,FALSE,FALSE,stable_secondary,4,FALSE,0.2317619353254463,0.09658956215481238,0.16311992617854873,none,DHODH,chr16,72058938,OpenSea,3'UTR,NA,NA,NA,NA
cg10470891,intergenic/no-gene,81,74.088380439486,4,3,1,0,3,6,1.1271626594371557e-7,6.948013406936498,35.50457890739094,0,fibrosis_vs_nonfibrosis,Fibrosis vs non-fibrosis,-0.06737486045577107,lower methylation in case/higher stage,0.10737202414092745,FALSE,FALSE,stage_replicated_all5,6,TRUE,0.1770432851774952,0.11159237516176022,0.07875412474540484,none,NA,chr5,125338217,OpenSea,NA,NA,TRUE,NA,NA
cg26160889,TAOK1,82,73.89509584721127,4,3,1,0,4,6,2.5596850519087233e-13,12.591813467747768,68.3834716042434,52.84178987961292,advanced_vs_nonadvanced,Advanced vs non-advanced,0.17418304139427823,higher methylation in case/higher stage,0.17418304139427823,FALSE,FALSE,stable_secondary,4,FALSE,0.3801342470194872,0.0945924529397788,0.3120174877582998,high_heterogeneity,TAOK1,chr17,27870753,OpenSea,3'UTR,NA,NA,NA,NA
cg03065308,IFNGR1,83,73.35067303047796,4,3,1,0,3,6,1.3099978366122917e-8,7.882729421556541,23.344751292232207,0,disease_vs_healthy,Disease vs healthy,-0.05799727951252684,lower methylation in case/higher stage,0.07014372926084202,FALSE,FALSE,stage_all5,6,TRUE,0.25897481306861925,0.23671662730448745,0.07227188686198666,none,IFNGR1,chr6,137538584,N_Shore,Body,NA,NA,NA,NA
cg02306798,TRIO,84,72.06299353655157,3,3,0,0,3,6,4.565233205997271e-23,22.340537032479983,21.50764772368827,0,disease_vs_healthy,Disease vs healthy,0.09325232266816633,higher methylation in case/higher stage,0.095916100135802,FALSE,FALSE,stable_secondary,4,FALSE,0.17388771168881728,0.10274212926711944,0.13039317490377117,none,TRIO,chr5,14245929,OpenSea,Body,NA,TRUE,NA,NA
cg10221365,JMJD5,85,71.42395259385557,4,2,2,0,2,6,1.511122540741531e-9,8.82070031619706,35.0107525496475,0,advanced_vs_nonadvanced,Advanced vs non-advanced,0.1008488972005866,higher methylation in case/higher stage,0.1008488972005866,TRUE,FALSE,stage_and_binary_all5,5,TRUE,0.07383301273026814,0.0439113701626596,0.07159524931778821,none,JMJD5;JMJD5,chr16,27214422,N_Shore,TSS1500;TSS1500,Promoter_Associated,NA,NA,NA
cg19357999,P2RX4,86,71.3458635265732,3,3,0,0,3,6,3.2328393847419357e-22,21.490415871649823,23.94855167163377,0,progression_score,Ordinal progression score,0.03897183750323565,higher methylation in case/higher stage,0.11219319137857094,FALSE,FALSE,stable_secondary,4,FALSE,0.20738166085956475,0.09232063016248418,0.13022557076241426,none,P2RX4,chr12,121661762,OpenSea,Body,Unclassified_Cell_type_specific,NA,NA,DMR
cg22776235,intergenic/no-gene,87,71.19079284016662,3,3,0,0,3,6,5.2775900055886205e-22,21.277564351369968,24.070044115847168,0,advanced_vs_nonadvanced,Advanced vs non-advanced,0.10618154482116864,higher methylation in case/higher stage,0.10618154482116864,FALSE,FALSE,stable_secondary,4,FALSE,0.1978975014856192,0.1362098873744416,0.13373861265797324,none,NA,chr6,362023,OpenSea,NA,NA,NA,NA,NA
cg12870014,ANKRD13A,88,70.93567585874314,3,3,0,0,3,6,9.1366641485667e-9,8.039212338873385,33.835455569364626,0,advanced_vs_nonadvanced,Advanced vs non-advanced,0.1091342655669612,higher methylation in case/higher stage,0.1091342655669612,TRUE,FALSE,stage_and_binary_all5,5,TRUE,0.10416598456388358,0.02963079370415765,0.09097584761758344,none,ANKRD13A,chr12,110450643,OpenSea,Body,Gene_Associated_Cell_type_specific,NA,NA,NA
cg19876649,MYOM1,89,70.65242223199353,4,3,1,0,3,6,6.0569495217564054e-6,5.217746045705033,0,0,disease_vs_healthy,Disease vs healthy,0.05103177612205201,higher methylation in case/higher stage,0.05396523493507527,FALSE,FALSE,stable_secondary,5,TRUE,0.20297162278520603,0.17940415944948115,0.04316863559754763,none,MYOM1;MYOM1,chr18,3220273,OpenSea,TSS200;TSS200,NA,NA,NA,NA
cg13216124,intergenic/no-gene,90,70.37465916015812,3,3,0,0,3,6,3.8293308621604505e-11,10.41687710808356,78.34309631000764,58.926181198770664,progression_score,Ordinal progression score,0.0924285357335914,higher methylation in case/higher stage,0.16394433370699582,FALSE,FALSE,stage_and_binary_all5,5,TRUE,0.4236666367589673,0.1585020811127182,0.37036885618497745,high_heterogeneity,NA,chr8,23285320,OpenSea,NA,NA,TRUE,NA,NA
cg01771213,DAB1,91,69.96680084475575,3,3,0,0,3,6,2.5225439106763926e-20,19.5981612651313,25.0382408167233,0,advanced_vs_nonadvanced,Advanced vs non-advanced,0.1281728336131956,higher methylation in case/higher stage,0.1281728336131956,FALSE,FALSE,stable_secondary,6,FALSE,0.1787363725157796,0.10770386359702594,0.12818353675540028,none,DAB1,chr1,57735838,OpenSea,Body,NA,TRUE,NA,NA
cg20366549,SCNN1A,92,69.81975846658082,3,2,1,0,3,6,8.459876078516844e-29,28.0726359985225,46.62173464769878,0,disease_vs_healthy,Disease vs healthy,-0.12068590140207389,lower methylation in case/higher stage,0.12068590140207389,FALSE,FALSE,stable_secondary,4,FALSE,0.23796919336531475,0.15123600444918045,0.1571124878000512,none,SCNN1A;SCNN1A,chr12,6486123,OpenSea,Body;TSS1500,Unclassified,TRUE,TRUE,NA
cg20912978,KCNB1,93,69.59569005575818,4,3,1,0,4,6,1.8130558491357426e-7,6.741588817747903,72.46844233330692,62.173921297888334,disease_vs_healthy,Disease vs healthy,-0.11855199921947272,lower methylation in case/higher stage,0.11855199921947272,FALSE,FALSE,stable_secondary,4,FALSE,0.3226677692243072,0.09292023034730316,0.3048321049815962,high_heterogeneity,KCNB1,chr20,48061990,OpenSea,Body,NA,NA,NA,DMR
cg00978584,CASP8,94,69.48413383875454,4,3,1,0,4,6,1.3663126047738533e-6,5.864449925108177,62.41962217642355,32.229846665061714,disease_vs_healthy,Disease vs healthy,-0.07810798263939017,lower methylation in case/higher stage,0.15373029546347394,FALSE,FALSE,stable_secondary,4,FALSE,0.22023172543732197,0.0790099742613667,0.16680208603250596,high_heterogeneity,CASP8;CASP8;CASP8;CASP8;CASP8;CASP8,chr2,202122832,OpenSea,5'UTR;5'UTR;5'UTR;1stExon;5'UTR;5'UTR,Promoter_Associated,TRUE,TRUE,NA
cg00179374,PLXNA4,95,69.4252917580818,3,2,1,0,2,6,1.4089213079590826e-17,16.851113262727065,27.40975051654275,0,advanced_vs_nonadvanced,Advanced vs non-advanced,0.09802288825785084,higher methylation in case/higher stage,0.09802288825785084,TRUE,FALSE,stage_and_binary_all5,5,TRUE,0.27100958903656325,0.24005303705788217,0.1125885972083071,none,PLXNA4;PLXNA4;PLXNA4,chr7,132259150,N_Shore,5'UTR;5'UTR;5'UTR,NA,NA,NA,NA
cg19595402,SRCIN1,96,69.36366241350787,3,3,0,0,3,6,1.1296608907170669e-7,6.947051906421781,49.98547841974744,17.402955351904943,disease_vs_healthy,Disease vs healthy,-0.06995916590750986,lower methylation in case/higher stage,0.1165361995589001,TRUE,FALSE,stage_and_binary_all5,6,TRUE,0.07123624293506123,0.06577829437844818,0.09245390776348712,none,SRCIN1,chr17,36728859,Island,Body,Unclassified_Cell_type_specific,TRUE,NA,NA
cg09592244,intergenic/no-gene,97,69.27517983379776,4,3,1,0,4,6,1.4110778849453972e-4,3.8504490145457937,38.402689527685936,0,disease_vs_healthy,Disease vs healthy,-0.05466359481057771,lower methylation in case/higher stage,0.1009653401765296,FALSE,FALSE,stable_secondary,4,FALSE,0.07507063958670529,0.06116309999295838,0.03389082407233128,none,NA,chr17,37024020,N_Shore,NA,Unclassified,NA,NA,NA
cg12065285,ARHGEF2,98,69.14747419465307,3,3,0,0,3,6,4.206561851171971e-22,21.376072721053564,66.31553420168834,32.807824697828764,disease_vs_healthy,Disease vs healthy,-0.13745196921638836,lower methylation in case/higher stage,0.13745196921638836,FALSE,FALSE,stable_secondary,4,FALSE,0.3714488350454727,0.30161148318021325,0.22739835901525615,high_heterogeneity,ARHGEF2;ARHGEF2;ARHGEF2,chr1,155946346,N_Shore,Body;Body;5'UTR,Promoter_Associated,NA,TRUE,NA
cg14223001,intergenic/no-gene,99,69.1293245250942,3,0,3,0,3,6,1.2717744769086463e-47,46.89558989506947,43.95176802908851,0,advanced_vs_nonadvanced,Advanced vs non-advanced,0.06621925473451679,higher methylation in case/higher stage,0.06621925473451679,FALSE,TRUE,stable_secondary,4,FALSE,0.33802442003091054,0.8569971450652077,0.03097624732769222,dataset_r2_gt_disease_r2,NA,chr11,44978881,Island,NA,NA,NA,NA,NA
cg09824603,intergenic/no-gene,100,68.43902107560513,3,3,0,0,3,6,3.516662866441824e-14,13.453869264399003,79.57374818948344,72.96465654897312,advanced_vs_nonadvanced,Advanced vs non-advanced,-0.1904999409284913,lower methylation in case/higher stage,0.1904999409284913,FALSE,FALSE,stage_replicated_all5,6,TRUE,0.3990798746829528,0.11235254071754835,0.4076526062936829,high_heterogeneity,NA,chr7,46185114,OpenSea,NA,NA,TRUE,TRUE,NA
cg00679763,UBE2Z,101,67.21019827868255,3,3,0,0,3,6,2.981318342743059e-7,6.525591647880469,87.1543174966753,82.81161129709412,progression_score,Ordinal progression score,-0.09236175776736852,lower methylation in case/higher stage,0.14218194009470633,FALSE,FALSE,stage_and_binary_all5,6,TRUE,0.3917972571092828,0.13642860768896473,0.3157931526966994,high_heterogeneity,UBE2Z,chr17,46993161,OpenSea,Body,Unclassified_Cell_type_specific,TRUE,TRUE,NA
cg10955972,MAPT/LOC100130148,102,66.9761987085956,3,2,1,0,2,6,3.5462888283804236e-20,19.450225896071935,42.77918837309491,7.999538118949805,disease_vs_healthy,Disease vs healthy,0.14700040886442864,higher methylation in case/higher stage,0.14700040886442864,FALSE,FALSE,stage_and_binary,4,FALSE,0.17628836309540083,0.02770027820726649,0.1634263192961381,none,MAPT;MAPT;MAPT;MAPT;LOC100130148;MAPT;MAPT,chr17,43976002,S_Shore,5'UTR;5'UTR;5'UTR;5'UTR;Body;5'UTR;5'UTR,NA,NA,NA,CDMR
cg13417862,NXN,103,66.94750514164079,3,3,0,0,3,6,2.2945997425050473e-6,5.6392930594868345,0,0,advanced_vs_nonadvanced,Advanced vs non-advanced,-0.06506532700763959,lower methylation in case/higher stage,0.06506532700763959,FALSE,FALSE,stage_replicated_all5,5,TRUE,0.13646576156661946,0.13445299813805453,0.04347435221004844,none,NXN,chr17,855238,OpenSea,Body,NA,NA,TRUE,DMR
cg13280882,SLC22A3,104,66.47395986226974,4,1,3,0,2,6,6.671523648150872e-10,9.17577497021878,38.98165233766798,10.231377276234458,advanced_vs_nonadvanced,Advanced vs non-advanced,0.12128356806022536,higher methylation in case/higher stage,0.12128356806022536,TRUE,FALSE,stage_and_binary_all5,5,TRUE,0.12501086295687805,0.03399218917040834,0.11335457136326604,none,SLC22A3,chr6,160771574,S_Shore,Body,NA,NA,NA,CDMR
cg23261097,THOP1,105,66.4084234455671,2,2,0,0,2,6,1.190943727976191e-38,37.92410875842216,32.76905370656847,0,advanced_vs_nonadvanced,Advanced vs non-advanced,0.2116009294784876,higher methylation in case/higher stage,0.2116009294784876,FALSE,FALSE,stable_secondary,4,FALSE,0.2313892195184633,0.02293186506654362,0.21690465760247213,none,THOP1,chr19,2811736,Island,Body,NA,NA,TRUE,NA
cg10650127,IGF2/INS-IGF2,106,66.08413280234487,3,3,0,0,3,6,1.863696386625745e-9,8.729624836806554,70.53209166839457,56.94151771453731,disease_vs_healthy,Disease vs healthy,0.11782110721448258,higher methylation in case/higher stage,0.11782110721448258,FALSE,FALSE,stage_and_binary,6,FALSE,0.35871726463370524,0.2250992411622292,0.1750601641164816,high_heterogeneity,IGF2;INS-IGF2;INS-IGF2,chr11,2170870,OpenSea,TSS200;Body;Body,NA,NA,NA,NA
cg08134286,PER3,107,65.7960014904079,3,2,1,0,2,6,6.754600608773454e-20,19.170400325181365,62.46557474438104,20.982569626401375,progression_score,Ordinal progression score,0.08763194101531038,higher methylation in case/higher stage,0.20752894372741937,TRUE,FALSE,stage_and_binary,6,FALSE,0.4087808653652126,0.07320381646699307,0.3651763237237088,high_heterogeneity,PER3,chr1,7845798,S_Shore,Body,NA,NA,NA,NA
cg22835712,intergenic/no-gene,108,65.40038166898591,3,3,0,0,3,6,3.433456628479528e-13,12.464268434255208,16.49212469985451,0,disease_vs_healthy,Disease vs healthy,0.09493997266910913,higher methylation in case/higher stage,0.09493997266910913,FALSE,FALSE,stable_secondary,4,FALSE,0.1171861655960698,0.05248995407918077,0.08725380160196891,none,NA,chr2,102737379,OpenSea,NA,NA,NA,NA,NA
cg25303761,intergenic/no-gene,109,65.23333266677159,3,3,0,0,3,6,8.961524668421041e-7,6.0476180953879934,0,0,advanced_vs_nonadvanced,Advanced vs non-advanced,0.064297148209145,higher methylation in case/higher stage,0.064297148209145,FALSE,FALSE,stage_all5,5,TRUE,0.07245732715909593,0.04186195154732555,0.07184257551332646,none,NA,chr1,31256028,OpenSea,NA,Unclassified,TRUE,NA,NA
cg21757951,intergenic/no-gene,110,65.12612406655765,4,0,4,0,4,6,1.5387424071003163e-25,24.812834077074484,34.8571957478897,0,advanced_vs_nonadvanced,Advanced vs non-advanced,-0.0919375050233064,lower methylation in case/higher stage,0.0919375050233064,FALSE,TRUE,stable_secondary,4,FALSE,0.3439442363688268,0.36375255029120873,0.11203605603017763,dataset_r2_gt_disease_r2,NA,chr11,326987,N_Shelf,NA,Unclassified,TRUE,NA,NA
cg05031931,FAM20C,111,65.05522689642405,3,2,1,0,2,6,3.1961505147437773e-13,12.495372776860089,53.83068094756024,26.188824027274876,advanced_vs_nonadvanced,Advanced vs non-advanced,0.1391817915684948,higher methylation in case/higher stage,0.1391817915684948,TRUE,FALSE,stage_and_binary_all5,5,TRUE,0.29351303241933835,0.03783944343489833,0.2667520621103826,high_heterogeneity,FAM20C,chr7,214779,N_Shelf,Body,NA,TRUE,TRUE,NA
cg20353780,TAOK3,112,64.9970984711191,3,3,0,0,3,6,2.1622538254176535e-9,8.665093325874013,81.36933713985393,69.73109776648052,progression_score,Ordinal progression score,0.08864798410333315,higher methylation in case/higher stage,0.16088663291939573,FALSE,FALSE,stage_replicated_all5,6,TRUE,0.5139177996325734,0.21695347320443992,0.3695707779671504,high_heterogeneity,TAOK3,chr12,118588556,OpenSea,3'UTR,NA,NA,NA,NA
cg10875695,intergenic/no-gene,113,64.9565007640675,4,0,4,0,4,6,9.960055009486883e-11,10.00173826295676,20.894320400044517,0,progression_score,Ordinal progression score,0.02783715396480058,higher methylation in case/higher stage,0.07806636811868924,FALSE,TRUE,stage_and_binary_all5,5,TRUE,0.2454525730444274,0.27300503432518786,0.06500933851304946,dataset_r2_gt_disease_r2,NA,chr13,114966314,S_Shore,NA,NA,TRUE,NA,NA
cg25261547,PLEKHA4,114,64.61092967632321,3,3,0,0,3,6,1.898300593783925e-7,6.7216350164160055,71.8842967033599,57.73255909967536,disease_vs_healthy,Disease vs healthy,0.1398224638122562,higher methylation in case/higher stage,0.1398224638122562,FALSE,FALSE,stage_and_binary,6,FALSE,0.386697140380768,0.13326634042859406,0.2817069651706986,high_heterogeneity,PLEKHA4;PLEKHA4,chr19,49363369,OpenSea,Body;Body,Unclassified,TRUE,TRUE,NA
cg07635249,HCCA2,115,64.32347449544685,3,3,0,0,3,6,7.518795917852728e-11,10.123851703038884,5.26443393360743,0,fibrosis_vs_nonfibrosis,Fibrosis vs non-fibrosis,0.09371919946159664,higher methylation in case/higher stage,0.09371919946159664,FALSE,FALSE,stable_secondary,4,FALSE,0.12910924660050407,0.10046558962196768,0.07797676830153712,none,HCCA2,chr11,1703424,OpenSea,Body,NA,NA,NA,NA
cg17622855,ZDHHC14,116,64.02597533470791,3,2,1,0,2,6,5.5471410364371966e-24,23.255930792014123,35.06352439403927,0,advanced_vs_nonadvanced,Advanced vs non-advanced,0.12078153790606529,higher methylation in case/higher stage,0.12078153790606529,FALSE,FALSE,stable_secondary,4,FALSE,0.21281577323570663,0.08832932129165984,0.1729525550392535,none,ZDHHC14;ZDHHC14,chr6,157982358,OpenSea,Body;Body,NA,NA,NA,NA
cg04067249,intergenic/no-gene,117,63.881731476022466,3,3,0,0,3,6,7.642593287436527e-10,9.11675925146067,0,0,advanced_vs_nonadvanced,Advanced vs non-advanced,0.1113162523991842,higher methylation in case/higher stage,0.1113162523991842,FALSE,FALSE,stable_secondary,4,FALSE,0.1011583345524704,0.03701664223122214,0.0902485829207135,none,NA,chr6,53330099,OpenSea,NA,NA,TRUE,NA,NA
cg09803321,NT5C2,118,63.711103637054485,2,2,0,0,2,6,9.78052338829088e-31,30.009637904050376,45.91285791561558,13.225325389333422,disease_vs_healthy,Disease vs healthy,0.13146912150316661,higher methylation in case/higher stage,0.13146912150316661,FALSE,FALSE,binary_all5,5,TRUE,0.32897293600705674,0.13315372120807178,0.2174559556774574,none,NT5C2;NT5C2,chr10,104913480,OpenSea,Body;Body,NA,TRUE,NA,NA
cg05099288,CD164,119,63.710635312684325,3,3,0,0,3,6,1.1137908330679658e-6,5.95319636084416,69.13204279813166,58.644721866869645,progression_score,Ordinal progression score,-0.05872045342869363,lower methylation in case/higher stage,0.11778221248587575,FALSE,FALSE,stage_replicated_all5,5,TRUE,0.38452448725950544,0.32032642707411413,0.19740948917005713,high_heterogeneity,CD164;CD164;CD164;CD164;CD164,chr6,109700555,N_Shelf,Body;Body;Body;Body;Body,Promoter_Associated_Cell_type_specific,NA,NA,NA
cg01476047,ASCC1,120,63.64357003663424,3,3,0,0,3,6,6.986170646012256e-14,13.155760810379398,61.30925061262688,47.866237198748415,advanced_vs_nonadvanced,Advanced vs non-advanced,0.12366286190187915,higher methylation in case/higher stage,0.12366286190187915,FALSE,FALSE,stable_secondary,4,FALSE,0.41415168200898794,0.2948547549385776,0.19960212215305884,high_heterogeneity,ASCC1,chr10,73974007,N_Shore,5'UTR,NA,NA,NA,NA
cg10023454,QSOX1,121,63.635672470504545,3,3,0,0,3,6,5.278572187219554e-14,13.27748353486564,63.171320078027904,37.32565025268965,advanced_vs_nonadvanced,Advanced vs non-advanced,0.1386120757410133,higher methylation in case/higher stage,0.1386120757410133,FALSE,FALSE,stable_secondary,4,FALSE,0.46865540988867344,0.2904625192141749,0.23392932529006005,high_heterogeneity,QSOX1;QSOX1,chr1,180137918,OpenSea,Body;Body,Gene_Associated,TRUE,TRUE,NA
cg05554151,MT1G,122,63.308742089751846,2,1,1,0,1,6,3.410640623251542e-38,37.46716403947893,38.36545475766832,0,advanced_vs_nonadvanced,Advanced vs non-advanced,0.15303330286418856,higher methylation in case/higher stage,0.15303330286418856,FALSE,FALSE,stage_replicated_all5,5,TRUE,0.249817374132041,0.1197039113986405,0.188818268561547,none,MT1G,chr16,56700796,N_Shore,Body,NA,NA,NA,NA
cg04192492,SEBOX,123,62.83736250026079,3,3,0,0,3,6,4.4407307735704905e-6,5.352545555828122,78.18838777637788,67.56885720332465,progression_score,Ordinal progression score,0.06072485592159311,higher methylation in case/higher stage,0.11013107998191358,FALSE,FALSE,stage_replicated_all5,6,TRUE,0.4164631323514494,0.2519005089299034,0.2226072262369055,high_heterogeneity,SEBOX;SEBOX,chr17,26692427,OpenSea,Body;TSS200,NA,NA,NA,NA
cg02959939,PCNT,124,62.813234450655614,3,1,2,0,1,6,1.7421427228063351e-26,25.75891626885293,44.36013875082861,0,advanced_vs_nonadvanced,Advanced vs non-advanced,0.121158699633484,higher methylation in case/higher stage,0.121158699633484,FALSE,FALSE,stage_replicated_all5,5,TRUE,0.212332956616791,0.04884989901365225,0.17102372766040008,none,PCNT,chr21,47813025,N_Shore,Body,NA,NA,TRUE,NA
cg18537222,PPARG,125,62.75125517561573,3,3,0,0,3,6,1.6554193214932687e-8,7.781091980169586,73.91018421005973,53.118314656277654,progression_score,Ordinal progression score,0.06728741324184057,higher methylation in case/higher stage,0.12959807979007149,FALSE,FALSE,stage_all5,5,TRUE,0.4063675140017865,0.16686504233843122,0.2921031788213072,high_heterogeneity,PPARG;PPARG;PPARG;PPARG,chr3,12435731,OpenSea,Body;Body;Body;Body,NA,TRUE,NA,NA
cg20426532,intergenic/no-gene,126,62.64304689236079,3,3,0,0,3,6,2.26237391261284e-12,11.645435615695082,60.17516077251528,42.94928615959632,advanced_vs_nonadvanced,Advanced vs non-advanced,0.11402303858128623,higher methylation in case/higher stage,0.11402303858128623,FALSE,FALSE,stable_secondary,4,FALSE,0.39817605915753906,0.2579383944522469,0.21402181279306717,high_heterogeneity,NA,chr6,64185918,OpenSea,NA,NA,TRUE,NA,NA
cg18739537,NFKBIE,127,62.21447300197074,3,3,0,0,3,6,7.83305800719607e-13,12.106068657306253,75.19550116287279,67.45047110345924,advanced_vs_nonadvanced,Advanced vs non-advanced,-0.15301733500851358,lower methylation in case/higher stage,0.15301733500851358,FALSE,FALSE,stable_secondary,4,FALSE,0.46240701247489463,0.25163374051414583,0.3489483453794578,high_heterogeneity,NFKBIE,chr6,44232189,N_Shore,Body,NA,NA,NA,NA
cg04850286,PLAC9,128,62.09503016869131,4,0,4,0,4,6,1.6345102781952196e-12,11.78661234412648,23.11196944394449,0,advanced_vs_nonadvanced,Advanced vs non-advanced,-0.08462633222660286,lower methylation in case/higher stage,0.08462633222660286,FALSE,TRUE,stage_replicated_all5,5,TRUE,0.23460588709047836,0.2930940976000176,0.07245039273044152,dataset_r2_gt_disease_r2,PLAC9,chr10,81895943,S_Shelf,Body,NA,NA,TRUE,NA
cg23760300,intergenic/no-gene,129,62.058476174434155,3,3,0,0,3,6,7.69986124447737e-8,7.113517100970475,78.41971592490364,59.455921487740326,progression_score,Ordinal progression score,-0.05905213422040214,lower methylation in case/higher stage,0.1042398133925432,FALSE,FALSE,stage_all5,5,TRUE,0.4294379402760684,0.37137413014327897,0.2157625097364288,high_heterogeneity,NA,chr8,26942425,OpenSea,NA,NA,TRUE,NA,NA
cg09404376,SGK1,130,61.52962128329255,3,3,0,0,3,6,0.00612452390003567,2.2129276662489556,60.38856166163457,0,disease_vs_healthy,Disease vs healthy,-0.10742898197385246,lower methylation in case/higher stage,0.10742898197385246,FALSE,FALSE,stage_replicated_all5,5,TRUE,0.4300151386246727,0.4085172370468456,0.08598727015163116,high_heterogeneity,SGK1;SGK1,chr6,134499189,S_Shore,TSS200;Body,Promoter_Associated,NA,NA,RDMR
cg16402814,CHID1,131,61.4268896686893,3,3,0,0,3,6,1.9632852030271588e-8,7.707016606613002,29.360439118796105,0,advanced_vs_nonadvanced,Advanced vs non-advanced,0.06078244737424932,higher methylation in case/higher stage,0.06078244737424932,FALSE,FALSE,stable_secondary,4,FALSE,0.12632744518339065,0.09521407849375682,0.06935016093466564,none,CHID1,chr11,915227,S_Shelf,TSS200,NA,NA,NA,NA
cg15897635,intergenic/no-gene,132,61.22951476957401,4,0,4,0,3,6,1.113108025807367e-9,8.953462685858062,20.758182210532645,0,progression_score,Ordinal progression score,0.01496865306160458,higher methylation in case/higher stage,0.04376085524393348,FALSE,TRUE,stage_and_binary_all5,5,TRUE,0.1287920331083983,0.6784888858007276,0.02777339952250168,dataset_r2_gt_disease_r2,NA,chr1,220697615,N_Shelf,NA,NA,NA,NA,NA
cg13776905,BPTF,133,61.22437908132679,3,2,1,0,2,6,3.2328393847419357e-22,21.490415871649823,66.37824057656194,21.50938852459438,progression_score,Ordinal progression score,0.06551045462988515,higher methylation in case/higher stage,0.15050597952139386,FALSE,FALSE,stable_secondary,4,FALSE,0.5182158474385828,0.25206178544783236,0.33852216653345396,high_heterogeneity,BPTF;BPTF,chr17,65850328,OpenSea,Body;Body,NA,NA,NA,NA
cg13907255,intergenic/no-gene,134,60.905102235284886,3,3,0,0,3,6,1.6970386197918158e-10,9.770308274257674,68.68227113390951,63.746836312999775,disease_vs_healthy,Disease vs healthy,0.12055749366362238,higher methylation in case/higher stage,0.12055749366362238,FALSE,FALSE,stable_secondary,4,FALSE,0.4073808937152875,0.19008740652286835,0.2625889737717783,high_heterogeneity,NA,chr5,142895549,OpenSea,NA,NA,TRUE,NA,NA
cg05980785,CCDC150,135,60.49646572812041,3,3,0,0,3,6,4.4407307735704905e-6,5.352545555828122,85.00632321918543,71.8701436557042,progression_score,Ordinal progression score,0.05362425492266134,higher methylation in case/higher stage,0.10347961819292412,FALSE,FALSE,stage_all5,5,TRUE,0.4419698723609011,0.2619970243457682,0.24158843949373476,high_heterogeneity,CCDC150,chr2,197583891,OpenSea,Body,Unclassified_Cell_type_specific,TRUE,NA,NA
cg13878646,intergenic/no-gene,136,60.31590729069456,3,3,0,0,3,6,2.180187500378501e-6,5.661506154616473,22.942940350739477,0,disease_vs_healthy,Disease vs healthy,-0.07158779792097263,lower methylation in case/higher stage,0.07158779792097263,FALSE,FALSE,stable_secondary,4,FALSE,0.11756340856402386,0.088306848170826,0.06026945308875879,none,NA,chr12,95840895,OpenSea,NA,NA,NA,NA,NA
cg02786073,intergenic/no-gene,137,60.26731472703092,3,3,0,0,3,6,9.52010592744756e-6,5.021358219320355,84.95272052986655,77.69398570812697,progression_score,Ordinal progression score,0.06659641981313075,higher methylation in case/higher stage,0.11727893267125908,FALSE,FALSE,stage_all5,5,TRUE,0.4161042529072511,0.20052131308265575,0.27453187145283997,high_heterogeneity,NA,chr11,68625231,S_Shore,NA,NA,NA,TRUE,NA
cg04772025,intergenic/no-gene,138,60.12392582614383,3,2,1,0,2,6,1.8033186949801367e-9,8.743927514963456,19.936468686611704,0,advanced_vs_nonadvanced,Advanced vs non-advanced,-0.08127960196409915,lower methylation in case/higher stage,0.08127960196409915,FALSE,FALSE,stage_replicated_all5,5,TRUE,0.09473871309706426,0.07530985359759981,0.05833339461129849,none,NA,chr11,68637568,OpenSea,NA,NA,NA,TRUE,DMR
cg15207422,LOC729991-MEF2B/MEF2B,139,59.964911152992705,3,3,0,0,3,6,6.1251579941880965e-6,5.212882704495005,23.68213480307604,0,progression_score,Ordinal progression score,-0.02041777112417527,lower methylation in case/higher stage,0.09057135301349124,FALSE,FALSE,stable_secondary,4,FALSE,0.10344449384333557,0.0933596008410408,0.04466673804024355,none,LOC729991-MEF2B;LOC729991-MEF2B;MEF2B;LOC729991-MEF2B,chr19,19280969,N_Shore,Body;5'UTR;5'UTR;Body,Unclassified,NA,NA,NA
cg01720616,intergenic/no-gene,140,59.47462814092896,4,0,4,0,4,6,1.8130558491357426e-7,6.741588817747903,4.88968062989149,0,disease_vs_healthy,Disease vs healthy,-0.05532434064343299,lower methylation in case/higher stage,0.06035240436559964,FALSE,TRUE,stage_replicated_all5,5,TRUE,0.1606744854012103,0.24787423200274197,0.05219764066886068,dataset_r2_gt_disease_r2,NA,chr7,16101713,OpenSea,NA,NA,TRUE,NA,NA
cg14072016,DIP2C,141,59.242240200220635,3,2,1,0,2,6,3.4786028909811494e-16,15.458595146446193,21.57552804583383,0,advanced_vs_nonadvanced,Advanced vs non-advanced,0.09332916106553396,higher methylation in case/higher stage,0.09332916106553396,FALSE,FALSE,stable_secondary,4,FALSE,0.17007952301763662,0.1235314128124562,0.08650494708663359,none,DIP2C,chr10,384652,N_Shelf,Body,NA,NA,TRUE,NA
cg15689991,RASSF3,142,59.032431440550475,3,3,0,0,3,6,1.1296608907170669e-7,6.947051906421781,66.61009787889537,48.77003757908816,disease_vs_healthy,Disease vs healthy,-0.143457831400269,lower methylation in case/higher stage,0.1746374520211252,FALSE,FALSE,stable_secondary,4,FALSE,0.2936126685858013,0.11622573723738348,0.19202717463066768,high_heterogeneity,RASSF3,chr12,65019329,OpenSea,Body,NA,TRUE,TRUE,NA
cg16399664,OAS2,143,58.64920849245293,3,3,0,0,3,6,2.67674747677669e-4,3.5723925980380793,27.029326523474573,0,advanced_vs_nonadvanced,Advanced vs non-advanced,-0.04652523275924602,lower methylation in case/higher stage,0.06119940789641349,FALSE,FALSE,stable_secondary,4,FALSE,0.10527670551152658,0.09693127661833864,0.05329096928639859,none,OAS2;OAS2;OAS2,chr12,113417284,OpenSea,Body;Body;Body,Promoter_Associated,NA,NA,NA
cg26433333,intergenic/no-gene,144,58.40583237394477,2,2,0,0,2,6,5.289044191962461e-15,14.27662280427138,51.756071780903866,45.36570948136004,disease_vs_healthy,Disease vs healthy,0.1167273843264671,higher methylation in case/higher stage,0.1167273843264671,TRUE,FALSE,stage_and_binary_all5,6,TRUE,0.28162255471808795,0.09227789110592248,0.22657853780611972,high_heterogeneity,NA,chr5,78842844,OpenSea,NA,NA,TRUE,NA,NA
cg08194377,ANKS1A,145,57.499662463793854,3,3,0,0,3,6,2.8898676638907235e-6,5.53912204449533,77.5544593470574,75.57141198475978,progression_score,Ordinal progression score,0.06994591601382369,higher methylation in case/higher stage,0.1209195225599566,FALSE,FALSE,stable_secondary,4,FALSE,0.4448689440424317,0.1841616324044771,0.28648265348576496,high_heterogeneity,ANKS1A,chr6,34984836,OpenSea,Body,NA,NA,NA,NA
cg16433844,SMEK1,146,57.12046627136177,4,0,4,0,4,6,9.370743302523988e-4,3.0282259588047276,9.985837996030806,0,progression_score,Ordinal progression score,0.02904539979126359,higher methylation in case/higher stage,0.06993257399718768,FALSE,TRUE,stage_and_binary,4,FALSE,0.08434753788678863,0.10521585545808582,0.02923226197665648,dataset_r2_gt_disease_r2,SMEK1,chr14,91963127,OpenSea,Body,NA,TRUE,NA,NA
cg00884663,ERCC5,147,56.90893193047877,2,2,0,0,2,3,5.039385825365511e-23,22.297622389925117,13.988074849376131,0,advanced_vs_nonadvanced,Advanced vs non-advanced,0.11427533954334196,higher methylation in case/higher stage,0.11427533954334196,FALSE,FALSE,stage_all5,5,TRUE,0.1585553409048728,0.13069333340419256,0.12317279872337414,none,ERCC5,chr13,103515035,OpenSea,Body,NA,NA,NA,NA
cg05477823,TBX2,148,56.692271715982834,4,0,4,0,3,6,4.8050888238182135e-18,17.31829857982945,38.61074579795551,0,advanced_vs_nonadvanced,Advanced vs non-advanced,-0.07832340421992219,lower methylation in case/higher stage,0.07832340421992219,FALSE,TRUE,stable_secondary,4,FALSE,0.35890499234616896,0.43173663039525306,0.07556876213132963,dataset_r2_gt_disease_r2,TBX2,chr17,59481085,Island,Body,Unclassified,NA,NA,RDMR
cg26585701,intergenic/no-gene,149,56.5531215926021,4,0,4,0,3,6,4.866584476008908e-18,17.312775733575748,41.31642841801841,0,fibrosis_vs_nonfibrosis,Fibrosis vs non-fibrosis,-0.10118413811569708,lower methylation in case/higher stage,0.10118413811569708,FALSE,TRUE,stable_secondary,4,FALSE,0.21911857409168417,0.28730407155800475,0.11366643893742578,dataset_r2_gt_disease_r2,NA,chr6,30418565,N_Shore,NA,Unclassified,NA,NA,RDMR
cg15837531,STX8,150,56.30242741034597,4,0,0,4,4,6,3.1087344004279595e-10,9.50741638099826,27.055281127056283,0,advanced_vs_nonadvanced,Advanced vs non-advanced,-0.02915556442379398,lower methylation in case/higher stage,0.02915556442379398,FALSE,TRUE,stable_secondary,5,TRUE,0.0812945737190476,0.9082790960906728,0.01063316188028518,dataset_r2_gt_disease_r2,STX8,chr17,9162271,OpenSea,Body,NA,TRUE,NA,NA
cg16252995,RAC3,151,55.66736227036737,3,2,1,0,2,6,8.297548119327505e-14,13.081050220341735,59.78745767743687,22.38335861060719,progression_score,Ordinal progression score,0.07607062755462207,higher methylation in case/higher stage,0.17912637328750822,FALSE,FALSE,stable_secondary,4,FALSE,0.34739950033174655,0.04930832094329791,0.3292466363648653,high_heterogeneity,RAC3,chr17,79991871,S_Shore,3'UTR,NA,NA,NA,NA
cg20929568,EXPH5,152,55.62839206491152,2,2,0,0,2,6,1.4699073551263453e-14,13.832710036969743,21.090099219345984,0,advanced_vs_nonadvanced,Advanced vs non-advanced,0.1024785501745241,higher methylation in case/higher stage,0.1024785501745241,FALSE,FALSE,stage_replicated_all5,6,TRUE,0.14145798583232694,0.13067275964121688,0.11047058369418558,none,EXPH5;EXPH5;EXPH5,chr11,108409365,OpenSea,TSS1500;Body;Body,NA,NA,NA,NA
cg21695727,ZNF592,153,55.351624731794765,2,1,1,0,1,6,1.1015518973199488e-24,23.95799503715258,18.37943588424086,0,advanced_vs_nonadvanced,Advanced vs non-advanced,0.12267990424045536,higher methylation in case/higher stage,0.12267990424045536,TRUE,FALSE,stage_and_binary,6,FALSE,0.2144107665283819,0.0995023076002306,0.14646915177208605,none,ZNF592,chr15,85347344,OpenSea,3'UTR,NA,TRUE,NA,NA
cg12058490,A2M,154,55.15223064997854,3,2,1,0,2,6,3.81349094634708e-12,11.41867728033759,46.816868925155454,0,fibrosis_vs_nonfibrosis,Fibrosis vs non-fibrosis,0.0811104651974899,higher methylation in case/higher stage,0.11033903748977886,FALSE,FALSE,stable_secondary,4,FALSE,0.2951039230243252,0.1786864306663598,0.13406930566550845,none,A2M,chr12,9268379,OpenSea,1stExon,NA,NA,NA,NA
cg09656020,GREM1,155,54.3525381634477,4,0,4,0,4,6,5.6795299387437674e-11,10.245687606799097,46.3888632262334,0,fibrosis_vs_nonfibrosis,Fibrosis vs non-fibrosis,-0.0778586996881004,lower methylation in case/higher stage,0.09613454467399142,FALSE,TRUE,stable_secondary,4,FALSE,0.2960234977612752,0.31466214469169435,0.07579700923775923,dataset_r2_gt_disease_r2,GREM1,chr15,33009409,N_Shore,TSS1500,Unclassified_Cell_type_specific,NA,TRUE,CDMR
cg05790038,TRPV3,156,53.92324286248602,2,2,0,0,2,3,6.667127613053509e-15,14.17606123212289,0,0,advanced_vs_nonadvanced,Advanced vs non-advanced,-0.10272142282919856,lower methylation in case/higher stage,0.10272142282919856,FALSE,FALSE,stage_replicated_all5,5,TRUE,0.10447227619836044,0.05563693600264222,0.10022047610550586,none,TRPV3;TRPV3,chr17,3461143,OpenSea,1stExon;5'UTR,Unclassified_Cell_type_specific,NA,TRUE,NA
cg14758757,SLC38A10,157,52.6635728824499,2,2,0,0,2,6,6.579358481671713e-8,7.181816450071814,67.27397265200747,53.115062945755085,progression_score,Ordinal progression score,0.06161130817791006,higher methylation in case/higher stage,0.1416427011759677,FALSE,FALSE,stage_and_binary_all5,5,TRUE,0.475222808865551,0.15785895911920736,0.34183321424396407,high_heterogeneity,SLC38A10;SLC38A10,chr17,79265454,N_Shelf,Body;Body,Unclassified_Cell_type_specific,NA,TRUE,NA
cg16644023,HOXA3,158,52.130512420480486,4,0,4,0,3,6,9.636206478445686e-10,9.016093902790663,13.61506622945974,0,disease_vs_healthy,Disease vs healthy,0.06231078502444579,higher methylation in case/higher stage,0.06358177257928785,FALSE,TRUE,stable_secondary,4,FALSE,0.05542868334711918,0.13135319981201582,0.04529460435202737,dataset_r2_gt_disease_r2,HOXA3;HOXA3;HOXA3,chr7,27154845,N_Shore,5'UTR;TSS1500;5'UTR,NA,NA,TRUE,NA
cg19403909,PTGFR,159,51.98371147215517,4,0,4,0,4,6,2.535271685641952e-8,7.595975493824626,56.66942747044132,39.1929764874925,disease_vs_healthy,Disease vs healthy,-0.07415721339462221,lower methylation in case/higher stage,0.10008309126057569,FALSE,TRUE,stable_secondary,4,FALSE,0.4568871953880472,0.4714193138150548,0.11075571791584787,dataset_r2_gt_disease_r2,PTGFR;PTGFR,chr1,78957682,S_Shore,5'UTR;5'UTR,Unclassified_Cell_type_specific,NA,NA,NA
cg26931527,intergenic/no-gene,160,51.96381726211448,4,0,4,0,4,6,3.408048518184525e-5,4.467494231091423,13.26857399299024,0,advanced_vs_nonadvanced,Advanced vs non-advanced,0.070894354080155,higher methylation in case/higher stage,0.070894354080155,FALSE,TRUE,stable_secondary,4,FALSE,0.1008596496709378,0.14363895325189602,0.03305794374649606,dataset_r2_gt_disease_r2,NA,chr16,83979911,OpenSea,NA,NA,NA,NA,NA
cg12835012,intergenic/no-gene,161,51.27527929692775,4,0,0,4,4,6,1.721003457172659e-6,5.76421825725553,45.193469663022384,0,fibrosis_vs_nonfibrosis,Fibrosis vs non-fibrosis,-0.02285223159476548,lower methylation in case/higher stage,0.03361153423715186,FALSE,TRUE,stable_secondary,4,FALSE,0.06769467587012956,0.8679805078732276,0.01624736927425774,dataset_r2_gt_disease_r2,NA,chr4,183795785,OpenSea,NA,NA,NA,NA,NA
cg22659049,LIMCH1,162,51.05425605093765,3,0,3,0,3,6,2.694883480113728e-14,13.569460007856692,8.887319091240666,0,disease_vs_healthy,Disease vs healthy,0.05502560183911329,higher methylation in case/higher stage,0.05502560183911329,FALSE,TRUE,stage_all5,5,TRUE,0.17179115397117933,0.4144516271547663,0.04706701808082753,dataset_r2_gt_disease_r2,LIMCH1;LIMCH1;LIMCH1;LIMCH1;LIMCH1,chr4,41646672,S_Shore,Body;Body;Body;Body;Body,Unclassified_Cell_type_specific,TRUE,TRUE,NA
cg01872593,intergenic/no-gene,163,50.91711120920693,2,1,1,0,1,6,9.821381285790004e-26,25.00782742844417,31.76735981407975,0,disease_vs_healthy,Disease vs healthy,-0.1157553476632304,lower methylation in case/higher stage,0.1157553476632304,FALSE,FALSE,stable_secondary,5,TRUE,0.26913528367659506,0.2378147477246396,0.08958296004170516,none,NA,chr14,54446260,OpenSea,NA,NA,TRUE,NA,NA
cg18199495,PQLC2,164,50.87625674510728,3,1,2,0,1,6,5.2737585193541214e-8,7.277879760039928,24.365181738413405,0,advanced_vs_nonadvanced,Advanced vs non-advanced,0.08188404273391071,higher methylation in case/higher stage,0.08188404273391071,FALSE,FALSE,stage_replicated_all5,5,TRUE,0.06332912363830903,0.01646110659875945,0.06699343936768543,none,PQLC2;PQLC2;PQLC2,chr1,19655472,OpenSea,3'UTR;3'UTR;3'UTR,NA,NA,NA,NA
cg12991306,C8orf80,165,50.86353148812537,3,0,3,0,3,6,1.8518838950665614e-14,13.732386245144664,14.982777669517867,8.17581022345703,disease_vs_healthy,Disease vs healthy,0.05907926416756336,higher methylation in case/higher stage,0.05907926416756336,FALSE,TRUE,stage_all5,5,TRUE,0.3356564465541958,0.7105801035733478,0.0399613764946386,dataset_r2_gt_disease_r2,C8orf80,chr8,27941405,OpenSea,TSS200,NA,NA,NA,NA
cg14625636,KIAA1529,166,50.63904796602648,3,2,1,0,2,6,0.02359329619527467,1.6272113800378318,0,0,disease_vs_healthy,Disease vs healthy,0.03221567734155256,higher methylation in case/higher stage,0.0381011632119409,FALSE,FALSE,stable_secondary,4,FALSE,0.06314471697562846,0.04099065955616718,0.0268551986443315,none,KIAA1529,chr9,100000026,N_Shore,TSS1500,NA,NA,NA,NA
cg13621464,APOA5,167,50.279712411162976,2,2,0,0,2,6,3.996663537770139e-5,4.398302411619904,75.98198553941913,62.35467511104537,progression_score,Ordinal progression score,0.03518938815932999,higher methylation in case/higher stage,0.09372164742218436,FALSE,FALSE,stage_and_binary_all5,5,TRUE,0.480564151315182,0.4661592128545201,0.1634067503408868,high_heterogeneity,APOA5;APOA5,chr11,116662643,S_Shore,5'UTR;5'UTR,NA,NA,NA,NA
cg01245880,SEC14L4,168,50.23547102595543,2,2,0,0,2,3,2.8011658552728443e-5,4.55266117611134,19.027835946450207,0,fibrosis_vs_nonfibrosis,Fibrosis vs non-fibrosis,0.0550533638819322,higher methylation in case/higher stage,0.07739536678628997,TRUE,FALSE,stage_and_binary_all5,5,TRUE,0.18388360068787615,0.16763060067426586,0.07281800049143786,none,SEC14L4;SEC14L4,chr22,30899870,N_Shore,Body;Body,NA,NA,NA,NA
cg05383524,MGRN1,169,49.377782193795085,2,2,0,0,2,3,2.8860985174292067e-16,15.539688848278692,0,0,advanced_vs_nonadvanced,Advanced vs non-advanced,0.09599668835591396,higher methylation in case/higher stage,0.09599668835591396,FALSE,FALSE,stable_secondary,4,FALSE,0.12457765509521676,0.10667509309261036,0.0889133505054878,none,MGRN1;MGRN1;MGRN1;MGRN1,chr16,4726970,N_Shelf,Body;Body;Body;Body,Promoter_Associated_Cell_type_specific,NA,NA,NA
cg11201654,HLA-F,170,49.256120693694925,3,1,2,0,1,6,0.01389598165295907,1.8571107679650951,60.87713687761279,41.39100926768391,disease_vs_healthy,Disease vs healthy,-0.08984869983338098,lower methylation in case/higher stage,0.08984869983338098,TRUE,FALSE,stage_and_binary_all5,5,TRUE,0.11205796160063662,0.07030170465198478,0.07518673437652156,high_heterogeneity,HLA-F;HLA-F;HLA-F,chr6,29690766,N_Shore,TSS1500;TSS1500;TSS1500,Promoter_Associated,NA,TRUE,NA
cg11037750,TGFB1,171,48.78732589774822,3,0,3,0,3,6,6.149704927286286e-11,10.211145721871032,7.209522151230059,0,advanced_vs_nonadvanced,Advanced vs non-advanced,0.07396747155090241,higher methylation in case/higher stage,0.07446214573461253,FALSE,TRUE,stage_all5,5,TRUE,0.3003430132209943,0.3398121637689028,0.06170880864562611,dataset_r2_gt_disease_r2,TGFB1,chr19,41837015,Island,Body,NA,NA,NA,NA
cg20564969,CSMD1,172,48.34330437266959,3,0,3,0,2,6,1.8130558491357426e-7,6.741588817747903,27.51615599507888,0,disease_vs_healthy,Disease vs healthy,-0.06753677464361238,lower methylation in case/higher stage,0.06753677464361238,FALSE,TRUE,stage_and_binary_all5,5,TRUE,0.14089010561900284,0.2076573836287292,0.05173779808999981,dataset_r2_gt_disease_r2,CSMD1,chr8,4852959,S_Shore,TSS1500,NA,NA,NA,RDMR
cg10114725,FAM124B,173,48.255226638621544,3,0,3,0,3,6,8.493508009540669e-5,4.070912899329557,51.88824781818291,0,advanced_vs_nonadvanced,Advanced vs non-advanced,-0.0470400108887863,lower methylation in case/higher stage,0.08692976630555715,FALSE,TRUE,stage_and_binary_all5,6,TRUE,0.15661481340984695,0.16419760053430668,0.08822072991183375,dataset_r2_gt_disease_r2,FAM124B;FAM124B,chr2,225266733,OpenSea,TSS200;TSS200,Unclassified_Cell_type_specific,NA,NA,NA
cg05810177,intergenic/no-gene,174,48.008373759613434,4,0,4,0,3,6,8.282877019117346e-4,3.081818786825937,12.97798782329436,0,disease_vs_healthy,Disease vs healthy,-0.0337989010287257,lower methylation in case/higher stage,0.05797469099297966,FALSE,TRUE,stable_secondary,6,FALSE,0.1309884972510489,0.1597515928508107,0.03802449026317173,dataset_r2_gt_disease_r2,NA,chr7,134050402,OpenSea,NA,NA,TRUE,NA,NA
cg16725984,C16orf55,175,47.96053935594018,2,2,0,0,2,3,7.983096100227538e-15,14.09782864267592,8.158813878659242,0,advanced_vs_nonadvanced,Advanced vs non-advanced,0.09983711492173372,higher methylation in case/higher stage,0.09983711492173372,FALSE,FALSE,stable_secondary,4,FALSE,0.14128730399408293,0.08843386977181665,0.10822299540210172,none,C16orf55,chr16,89735184,Island,Body,NA,NA,NA,NA
cg11057824,C14orf182,176,47.37504889833976,3,0,0,3,3,6,1.508348076496198e-5,4.821498426199665,0,0,progression_score,Ordinal progression score,0.00545616264128699,higher methylation in case/higher stage,0.01599594062303279,FALSE,TRUE,stage_replicated_all5,5,TRUE,0.2579772960852646,0.8100258012233454,0.00540466675342055,dataset_r2_gt_disease_r2,C14orf182,chr14,50471938,S_Shore,Body,NA,NA,NA,NA
cg19108747,FAM124B,177,47.114169512312984,2,0,2,0,2,6,2.631045433810731e-30,29.57987165230087,21.8348128859524,0,advanced_vs_nonadvanced,Advanced vs non-advanced,0.10018312525143082,higher methylation in case/higher stage,0.10018312525143082,FALSE,TRUE,stable_secondary,4,FALSE,0.29634764937462416,0.3211832079828356,0.11718443343634977,dataset_r2_gt_disease_r2,FAM124B;FAM124B,chr2,225266263,OpenSea,1stExon;1stExon,NA,TRUE,NA,NA
cg25511621,C6orf142,178,46.8363507994479,2,2,0,0,2,3,8.872996015662007e-5,4.051929713496994,0,0,advanced_vs_nonadvanced,Advanced vs non-advanced,0.04993758553573805,higher methylation in case/higher stage,0.05243675505441082,FALSE,FALSE,stage_replicated_all5,5,TRUE,0.2380987835601502,0.23788268237534704,0.03803157362313839,none,C6orf142,chr6,53883681,OpenSea,TSS200,NA,NA,NA,NA
cg20514322,NCKAP5,179,46.76711880583893,3,0,3,0,2,6,1.989565193472256e-19,18.70124182545382,36.47500943957479,0,disease_vs_healthy,Disease vs healthy,-0.08720857615488595,lower methylation in case/higher stage,0.08720857615488595,FALSE,TRUE,stable_secondary,4,FALSE,0.1276582317730465,0.15245883620859835,0.09461087082254992,dataset_r2_gt_disease_r2,NCKAP5;NCKAP5,chr2,134023662,N_Shore,Body;Body,NA,NA,TRUE,NA
cg08614871,KLF6,180,46.45874878617276,2,1,1,0,1,6,2.989240275690878e-21,20.524439174886208,28.167172724951612,0,advanced_vs_nonadvanced,Advanced vs non-advanced,-0.1162761183758136,lower methylation in case/higher stage,0.1162761183758136,FALSE,FALSE,stable_secondary,4,FALSE,0.1449485707944591,0.01140398884551286,0.14457813641788284,none,KLF6;KLF6;KLF6;KLF6,chr10,3824555,S_Shore,Body;Body;Body;Body,NA,NA,NA,RDMR
cg10515671,FADS1,181,45.9045058060853,2,2,0,0,2,6,2.1622538254176535e-9,8.665093325874013,33.221190440530236,6.579736717624031,progression_score,Ordinal progression score,0.03920465561477507,higher methylation in case/higher stage,0.09882215952625248,FALSE,FALSE,stable_secondary,4,FALSE,0.2660489394174367,0.19857955408941488,0.10535701480101237,none,FADS1,chr11,61585899,S_Shore,TSS1500,Unclassified_Cell_type_specific,NA,NA,NA
cg05432003,IFITM1,182,45.564247508631254,2,2,0,0,2,6,1.2019539222534433e-8,7.920112180997703,29.596620361342815,25.95487949039721,disease_vs_healthy,Disease vs healthy,-0.07693265815929154,lower methylation in case/higher stage,0.07693265815929154,FALSE,FALSE,stable_secondary,4,FALSE,0.2759828932060497,0.2592890246501287,0.09176738806107544,none,IFITM1,chr11,312518,S_Shore,TSS1500,Unclassified_Cell_type_specific,NA,NA,NA
cg11183307,SCRT2,183,45.39590388891217,3,0,3,0,1,6,3.294298700843921e-13,12.482237025006308,26.833240571844783,0,advanced_vs_nonadvanced,Advanced vs non-advanced,-0.10658173491860332,lower methylation in case/higher stage,0.10658173491860332,FALSE,TRUE,stage_replicated_all5,6,TRUE,0.2827473772762193,0.28444768764297274,0.09128058233832852,dataset_r2_gt_disease_r2,SCRT2,chr20,652263,N_Shelf,Body,NA,NA,NA,DMR
cg26065488,TNIK,184,45.332185529358824,2,1,1,0,1,6,3.710176399728395e-9,8.430605441434164,71.38476559290177,65.34520078753991,advanced_vs_nonadvanced,Advanced vs non-advanced,-0.17293440270024382,lower methylation in case/higher stage,0.17293440270024382,FALSE,FALSE,stage_and_binary_all5,6,TRUE,0.23616666698335712,0.09300015430746549,0.215398015882862,high_heterogeneity,TNIK;TNIK;TNIK;TNIK;TNIK;TNIK;TNIK;TNIK;TNIK,chr3,171176016,N_Shore,Body;Body;Body;Body;Body;Body;Body;Body;Body,Unclassified_Cell_type_specific,NA,NA,RDMR
cg23302570,NXPH2,185,45.2140040701866,3,0,3,0,3,6,1.565871301232629e-13,12.805243935420709,44.99333369215793,0,progression_score,Ordinal progression score,0.03148099915581782,higher methylation in case/higher stage,0.07110883757419273,FALSE,TRUE,stable_secondary,4,FALSE,0.21810557186270751,0.3568906021318566,0.06810929185359432,dataset_r2_gt_disease_r2,NXPH2,chr2,139538601,Island,TSS1500,NA,NA,NA,CDMR
cg08473752,NLK,186,45.210726570203406,2,2,0,0,2,6,2.9817039541845926e-10,9.525535478739013,59.14296529827816,50.822415418672826,advanced_vs_nonadvanced,Advanced vs non-advanced,0.1581942024146232,higher methylation in case/higher stage,0.1581942024146232,FALSE,FALSE,stable_secondary,4,FALSE,0.446468886297285,0.2731459281562684,0.23721775041464535,high_heterogeneity,NLK,chr17,26517057,OpenSea,Body,NA,TRUE,NA,NA
cg17686260,MGMT,187,45.13291369170554,3,0,3,0,1,6,3.345099280188842e-5,4.475590988150768,0,0,progression_score,Ordinal progression score,-0.02802608992228199,lower methylation in case/higher stage,0.07241298327843437,FALSE,TRUE,stage_and_binary_all5,6,TRUE,0.05805675976255041,0.09727270834864868,0.02976833957810414,dataset_r2_gt_disease_r2,MGMT,chr10,131412764,OpenSea,Body,NA,NA,NA,NA
cg08882027,intergenic/no-gene,188,44.84265438617372,2,1,1,0,1,6,2.0513676341050423e-10,9.687956500940494,28.778303289692463,0,advanced_vs_nonadvanced,Advanced vs non-advanced,-0.0861387594176412,lower methylation in case/higher stage,0.0861387594176412,TRUE,FALSE,stage_and_binary,6,FALSE,0.12380714261888776,0.08759106193441078,0.08898495775646838,none,NA,chr11,69299509,OpenSea,NA,NA,TRUE,NA,NA
cg24669602,PHTF2/TMEM60,189,44.582975668119055,3,0,3,0,3,6,2.150994992929867e-6,5.667360600558823,27.683535045442355,0,disease_vs_healthy,Disease vs healthy,-0.05156952141779845,lower methylation in case/higher stage,0.05156952141779845,FALSE,TRUE,stage_all5,5,TRUE,0.1295501615980251,0.24972497113390835,0.03112848877968055,dataset_r2_gt_disease_r2,PHTF2;PHTF2;TMEM60,chr7,77426814,N_Shore,TSS1500;TSS1500;5'UTR,NA,NA,NA,RDMR
cg20047561,C1QL3,190,44.472990943459855,2,1,1,0,1,6,5.578898790963417e-17,16.25345151722824,38.08850237199823,0,advanced_vs_nonadvanced,Advanced vs non-advanced,0.10052276394842022,higher methylation in case/higher stage,0.10052276394842022,FALSE,FALSE,stable_secondary,5,TRUE,0.16120589522669,0.05322874063265976,0.13016338355613266,none,C1QL3,chr10,16561393,N_Shore,Body,Unclassified,NA,NA,CDMR
cg08005692,ASH1L,191,44.46640115921942,3,0,3,0,2,6,0.00775829744543916,2.1102335739965232,40.215246851562824,0,disease_vs_healthy,Disease vs healthy,0.06615124826602385,higher methylation in case/higher stage,0.06615124826602385,FALSE,TRUE,stage_and_binary_all5,6,TRUE,0.15492097075396752,0.2747031052756626,0.03632495275847342,dataset_r2_gt_disease_r2,ASH1L,chr1,155506056,OpenSea,5'UTR,Promoter_Associated_Cell_type_specific,NA,NA,NA
cg13523819,MITF,192,44.1967087663109,3,1,2,0,2,6,4.4899233786884943e-4,3.347761070243161,52.934479657186245,39.21199921415951,advanced_vs_nonadvanced,Advanced vs non-advanced,-0.09820863936709497,lower methylation in case/higher stage,0.09820863936709497,FALSE,FALSE,stable_secondary,6,FALSE,0.17723263461306382,0.1502708230011017,0.08431077011305002,high_heterogeneity,MITF;MITF;MITF,chr3,69915449,OpenSea,1stExon;Body;Body,NA,NA,NA,NA
cg08464505,ATP11A,193,44.082967259765255,3,1,2,0,1,6,1.3848872991228352e-5,4.858585567654095,16.36085275185222,0,advanced_vs_nonadvanced,Advanced vs non-advanced,-0.05395295118898722,lower methylation in case/higher stage,0.05395295118898722,FALSE,FALSE,stable_secondary,4,FALSE,0.0974922599011617,0.09279619147859108,0.04522672959242077,none,ATP11A;ATP11A,chr13,113425982,S_Shore,Body;Body,NA,NA,NA,CDMR
cg03343083,LEPREL1,194,43.90820166567467,3,1,2,0,1,6,3.9589084875588054e-5,4.402424537097904,13.469910205877277,0,progression_score,Ordinal progression score,0.02054591385836422,higher methylation in case/higher stage,0.05830068642380771,FALSE,FALSE,stable_secondary,4,FALSE,0.13989176630761774,0.1233657843513191,0.0413235071585273,none,LEPREL1;LEPREL1,chr3,189718843,OpenSea,5'UTR;Body,NA,TRUE,NA,NA
cg26804772,intergenic/no-gene,195,43.62729506758654,2,1,1,0,1,6,3.4786028909811494e-16,15.458595146446193,13.87443069851583,0,advanced_vs_nonadvanced,Advanced vs non-advanced,0.092428664305167,higher methylation in case/higher stage,0.092428664305167,FALSE,FALSE,stable_secondary,6,FALSE,0.2318870953011531,0.1608897496594238,0.09787213047744006,none,NA,chr1,68084465,OpenSea,NA,NA,TRUE,TRUE,NA
cg08151370,FAM198A,196,43.42119606420539,1,1,0,0,1,3,4.830650559679098e-17,16.315994377436272,0,0,advanced_vs_nonadvanced,Advanced vs non-advanced,0.11049418092795668,higher methylation in case/higher stage,0.11049418092795668,TRUE,FALSE,stage_and_binary_all5,6,TRUE,0.25353323428781827,0.187511070769145,0.11236786071896518,none,FAM198A,chr3,43073152,OpenSea,Body,NA,NA,NA,NA
cg12698662,MIR563,197,42.6935726178514,3,0,3,0,2,6,5.19180763175036e-10,9.28468140750527,16.114087348045654,0,advanced_vs_nonadvanced,Advanced vs non-advanced,0.09940946442874732,higher methylation in case/higher stage,0.09940946442874732,FALSE,TRUE,stable_secondary,5,TRUE,0.2274936180288757,0.25728165008893145,0.06779583506188047,dataset_r2_gt_disease_r2,MIR563,chr3,15914712,OpenSea,TSS1500,NA,NA,NA,NA
cg13541527,C6orf48/SNORD52,198,42.521433892656425,3,0,3,0,3,6,3.3913972825407905e-10,9.46962133215971,52.1460207971074,47.79283650529565,advanced_vs_nonadvanced,Advanced vs non-advanced,-0.09088097932986622,lower methylation in case/higher stage,0.09088097932986622,FALSE,TRUE,stable_secondary,4,FALSE,0.29132686379483524,0.3177823722439525,0.1442666034377179,dataset_r2_gt_disease_r2,C6orf48;C6orf48;SNORD52,chr6,31804078,S_Shore,5'UTR;5'UTR;TSS1500,Promoter_Associated,NA,NA,NA
cg25268100,INPP5A,199,42.404455929463666,3,0,0,3,3,6,4.324258268646153e-9,8.364088375473061,39.00811866734952,0,progression_score,Ordinal progression score,-0.01667879768026527,lower methylation in case/higher stage,0.03554728437983217,FALSE,TRUE,stable_secondary,4,FALSE,0.30166894105371717,0.7967890697990401,0.01681691536953788,dataset_r2_gt_disease_r2,INPP5A,chr10,134457731,N_Shelf,Body,NA,NA,NA,NA
cg25532201,intergenic/no-gene,200,40.35708289291827,3,0,0,3,3,6,0.00222343500461947,2.6529755613118207,0,0,progression_score,Ordinal progression score,0.01000675733724574,higher methylation in case/higher stage,0.02919510776211889,FALSE,TRUE,stable_secondary,4,FALSE,0.1910871554923192,0.5888189458274236,0.00863255650607086,dataset_r2_gt_disease_r2,NA,chr13,42002627,OpenSea,NA,Unclassified_Cell_type_specific,NA,NA,NA
cg25576086,SYNJ2BP,201,39.9447075134657,2,0,2,0,1,6,2.4436470958456657e-11,10.611961513402202,29.67331091831682,0,progression_score,Ordinal progression score,0.04152370815708345,higher methylation in case/higher stage,0.07747997706975877,FALSE,TRUE,stage_and_binary_all5,5,TRUE,0.1744815512714821,0.1989218625967095,0.06940755372870697,dataset_r2_gt_disease_r2,SYNJ2BP,chr14,70833871,OpenSea,3'UTR,NA,NA,NA,NA
cg02964602,NOP58,202,39.87707818660373,3,0,0,3,3,6,0.01078314506308065,1.9672545522910456,0,0,progression_score,Ordinal progression score,0.0066894520834431,higher methylation in case/higher stage,0.01804037483027051,FALSE,TRUE,stable_secondary,4,FALSE,0.2333622569376528,0.8372413441105627,0.00168583559304291,dataset_r2_gt_disease_r2,NOP58,chr2,203130213,N_Shore,TSS1500,Promoter_Associated,NA,NA,NA
cg14665366,GPRIN3,203,39.85010422523711,2,1,1,0,1,6,0.02438619092214616,1.612856030382564,85.57789992061379,82.44643085006341,disease_vs_healthy,Disease vs healthy,0.08259542279139744,higher methylation in case/higher stage,0.08259542279139744,FALSE,FALSE,stage_and_binary_all5,6,TRUE,0.15427670347245345,0.1197080662636396,0.06619833027760978,high_heterogeneity,GPRIN3,chr4,90227740,N_Shore,5'UTR,NA,NA,NA,RDMR
cg25296374,intergenic/no-gene,204,39.64324555549948,2,1,1,0,1,6,3.662200279164978e-7,6.436257908598562,77.24269961039008,65.0181500980223,disease_vs_healthy,Disease vs healthy,-0.10515649051979307,lower methylation in case/higher stage,0.10515649051979307,FALSE,FALSE,stage_replicated_all5,5,TRUE,0.2950200304028907,0.23646656847038697,0.14324393723110584,high_heterogeneity,NA,chr6,154691940,OpenSea,NA,Unclassified_Cell_type_specific,TRUE,NA,NA
cg10556349,intergenic/no-gene,205,39.488141508112854,3,0,3,0,1,6,0.00748313464894946,2.1259164401612187,0,0,progression_score,Ordinal progression score,0.01393601071148914,higher methylation in case/higher stage,0.03613916402266549,FALSE,TRUE,stage_replicated_all5,6,TRUE,0.04335216536646361,0.05847188701285941,0.02148282229442861,dataset_r2_gt_disease_r2,NA,chr10,835070,OpenSea,NA,Unclassified,NA,TRUE,NA
cg00101154,MRPL28,206,39.46233650490794,2,1,1,0,1,6,1.539705008682205e-9,8.812562477457892,4.129144586251624,0,disease_vs_healthy,Disease vs healthy,0.0780033441400402,higher methylation in case/higher stage,0.0780033441400402,FALSE,FALSE,stable_secondary,6,FALSE,0.13686288165431915,0.10499745112703314,0.0567247421152607,none,MRPL28,chr16,420108,Island,Body,NA,NA,NA,NA
cg09004195,EPHA4,207,38.78433513607097,2,1,1,0,1,6,1.9247599273461808e-5,4.715623431729912,70.3320253227993,55.39234379500383,progression_score,Ordinal progression score,0.05909589230139803,higher methylation in case/higher stage,0.09161509215054266,FALSE,FALSE,stage_replicated_all5,5,TRUE,0.29649497994763263,0.03792866130626624,0.26419908085951976,high_heterogeneity,EPHA4,chr2,222323493,OpenSea,Body,NA,TRUE,NA,NA
cg05304177,AMOTL2,208,38.64806483184827,3,0,3,0,1,6,2.541666854011409e-11,10.594881374689251,25.367042608684123,0,advanced_vs_nonadvanced,Advanced vs non-advanced,-0.08304633258914883,lower methylation in case/higher stage,0.08304633258914883,FALSE,TRUE,stable_secondary,4,FALSE,0.28989363980717775,0.302687026918273,0.04739812814736938,dataset_r2_gt_disease_r2,AMOTL2,chr3,134083080,Island,Body,Unclassified_Cell_type_specific,TRUE,NA,NA
cg24729988,DAPK2,209,38.540358657830026,2,0,2,0,2,6,9.327629161704015e-10,9.030228728475612,15.616029042058107,0,disease_vs_healthy,Disease vs healthy,0.06152110539572131,higher methylation in case/higher stage,0.06152110539572131,FALSE,TRUE,stage_replicated_all5,6,TRUE,0.07864859118050634,0.15872965226897692,0.05011323454692945,dataset_r2_gt_disease_r2,DAPK2,chr15,64271149,OpenSea,Body,NA,TRUE,NA,NA
cg15601807,C10orf25/ZNF22,210,38.35684995780485,3,0,3,0,3,6,3.335552751960217e-6,5.476832186564668,79.53865145580839,59.67198534627104,progression_score,Ordinal progression score,0.04602766408908312,higher methylation in case/higher stage,0.08806265351839924,FALSE,TRUE,stable_secondary,4,FALSE,0.4486409068081476,0.5198187406076438,0.15185619144185036,dataset_r2_gt_disease_r2,C10orf25;ZNF22,chr10,45495677,N_Shore,3'UTR;TSS1500,NA,NA,NA,NA
cg25277809,intergenic/no-gene,211,38.19196047849959,3,0,3,0,1,6,1.7278522060957662e-5,4.762493408166215,22.835698144335215,0,progression_score,Ordinal progression score,-0.02678995657203949,lower methylation in case/higher stage,0.079016203721806,FALSE,TRUE,stage_all5,5,TRUE,0.14174400295196293,0.1605070525223465,0.02408780587120673,dataset_r2_gt_disease_r2,NA,chr2,128453484,S_Shore,NA,Unclassified_Cell_type_specific,NA,TRUE,NA
cg14926196,MDGA1,212,37.68202244995433,2,1,1,0,2,5,8.282877019117346e-4,3.081818786825937,19.505014016476434,0,disease_vs_healthy,Disease vs healthy,0.03978844206662455,higher methylation in case/higher stage,0.05737528217078613,FALSE,FALSE,stable_secondary,4,FALSE,0.04291759553620777,0.01322500094333995,0.03344404998691029,none,MDGA1,chr6,37616482,Island,Body,Unclassified_Cell_type_specific,NA,TRUE,NA
cg12239580,FAM198A,213,37.34678606530596,1,1,0,0,1,3,6.170290637828317e-22,21.209694379008525,0,0,advanced_vs_nonadvanced,Advanced vs non-advanced,0.10729283294797438,higher methylation in case/higher stage,0.10729283294797438,FALSE,FALSE,stable_secondary,4,FALSE,0.2701740585064784,0.1666859855482189,0.12493382828752776,none,FAM198A,chr3,43073058,OpenSea,Body,NA,NA,NA,NA
cg11460282,intergenic/no-gene,214,36.94987918732668,3,0,3,0,2,6,0.00848680098479604,2.0712559818952556,0,0,disease_vs_healthy,Disease vs healthy,0.03200255003221326,higher methylation in case/higher stage,0.0329786433397824,FALSE,TRUE,stable_secondary,4,FALSE,0.15871397692338896,0.16385580689114157,0.02341262271491159,dataset_r2_gt_disease_r2,NA,chr7,56297661,Island,NA,NA,NA,NA,NA
cg20568497,intergenic/no-gene,215,36.610975981787064,3,0,3,0,1,6,0.00437790404470008,2.358733761569813,60.80275302623608,52.622004717997314,advanced_vs_nonadvanced,Advanced vs non-advanced,-0.09606589271455114,lower methylation in case/higher stage,0.09606589271455114,FALSE,TRUE,stage_replicated_all5,5,TRUE,0.15796061282784776,0.17381993416907904,0.06527711562652735,dataset_r2_gt_disease_r2,NA,chr10,133558893,OpenSea,NA,NA,TRUE,NA,NA
cg11494841,C17orf62,216,36.49185445165646,1,1,0,0,1,3,1.027156213484852e-20,19.98836350236637,0,0,advanced_vs_nonadvanced,Advanced vs non-advanced,0.13062145904167907,higher methylation in case/higher stage,0.13062145904167907,FALSE,FALSE,stable_secondary,4,FALSE,0.1406275672805208,0.03660796979080714,0.1253955183272945,none,C17orf62;C17orf62;C17orf62,chr17,80402750,Island,Body;Body;Body,NA,NA,NA,NA
cg14769786,RTN4RL1,217,36.35008511009448,3,0,3,0,2,6,0.00308470631414443,2.510786177568484,18.149304284069157,0,fibrosis_vs_nonfibrosis,Fibrosis vs non-fibrosis,0.04497897703532799,higher methylation in case/higher stage,0.06679863253397231,FALSE,TRUE,stable_secondary,4,FALSE,0.05181736062060574,0.10987016734197376,0.03880033062587643,dataset_r2_gt_disease_r2,RTN4RL1,chr17,1881333,S_Shore,Body,NA,TRUE,NA,NA
cg10479063,PZP,218,36.311969718061015,2,1,1,0,1,6,8.57087986091249e-7,6.066974592414622,58.698249932584446,39.0761573479478,progression_score,Ordinal progression score,0.06784966150801724,higher methylation in case/higher stage,0.17035904757867912,FALSE,FALSE,stable_secondary,5,TRUE,0.31903173815815805,0.1388280146403812,0.2143794471255485,high_heterogeneity,PZP,chr12,9360933,OpenSea,1stExon,NA,NA,NA,NA
cg23879118,ACY3,219,36.05199185245045,3,0,3,0,3,6,6.245953244380883e-4,3.2044012711118053,93.82178074655629,92.49666356421808,progression_score,Ordinal progression score,-0.03389943448067922,lower methylation in case/higher stage,0.0497922076720635,FALSE,TRUE,stable_secondary,4,FALSE,0.1412407337656253,0.708412226896212,0.05855721927156732,dataset_r2_gt_disease_r2,ACY3,chr11,67414373,OpenSea,Body,Unclassified_Cell_type_specific,NA,NA,DMR
cg03301671,FAT1,220,36.046448210423726,2,0,2,0,2,3,0.00119262128637354,2.9234974434624688,0,0,advanced_vs_nonadvanced,Advanced vs non-advanced,-0.0111920434000928,lower methylation in case/higher stage,0.01305386734172316,FALSE,TRUE,stage_and_binary_all5,5,TRUE,0.12884555525618985,0.2503414880087718,0.02090437887539609,dataset_r2_gt_disease_r2,FAT1,chr4,187621790,OpenSea,Body,NA,NA,NA,NA
cg13897134,ZIC4,221,35.70445631237766,1,0,1,0,1,3,1.90260277207696e-27,26.720651874825233,0,0,advanced_vs_nonadvanced,Advanced vs non-advanced,-0.12227475363837348,lower methylation in case/higher stage,0.12227475363837348,FALSE,TRUE,stage_all5,5,TRUE,0.2142348221925076,0.22763348242559472,0.1300592236175226,dataset_r2_gt_disease_r2,ZIC4;ZIC4;ZIC4,chr3,147120248,S_Shelf,Body;Body;Body,NA,NA,NA,NA
cg09174870,MT1G/MT1H,222,34.87503745917723,1,1,0,0,1,3,2.2390657066290977e-7,6.649933161620731,35.59831507914563,35.59831507914563,advanced_vs_nonadvanced,Advanced vs non-advanced,0.12596153761039705,higher methylation in case/higher stage,0.12596153761039705,TRUE,FALSE,stage_and_binary_all5,6,TRUE,0.17094607624297606,0.11409375646595717,0.1014933397031386,none,MT1G;MT1H,chr16,56702802,N_Shore,TSS1500;TSS1500,NA,TRUE,NA,RDMR
cg13902645,intergenic/no-gene,223,34.82858113682864,2,1,1,0,2,3,0.01264814825092745,1.8979730526123435,0,0,advanced_vs_nonadvanced,Advanced vs non-advanced,0.0367670195492235,higher methylation in case/higher stage,0.0367670195492235,FALSE,FALSE,stable_secondary,4,FALSE,0.02872116560198278,0.01708608531276289,0.02129406692248271,none,NA,chr11,5959945,OpenSea,NA,NA,NA,NA,NA
cg14174912,KLF6,224,34.1826494055369,1,1,0,0,1,3,2.8402593100951562e-15,14.546642007909858,0,0,advanced_vs_nonadvanced,Advanced vs non-advanced,-0.09877692237957005,lower methylation in case/higher stage,0.09877692237957005,FALSE,FALSE,stable_secondary,5,TRUE,0.116608449472073,0.02942114927534288,0.09922182003072416,none,KLF6;KLF6;KLF6;KLF6,chr10,3824516,S_Shore,Body;Body;Body;Body,NA,NA,NA,RDMR
cg01894875,C1orf86/LOC100128003,225,34.078105983605106,2,0,2,0,1,6,5.267991659664691e-17,16.27835492128893,36.334849225942904,0,advanced_vs_nonadvanced,Advanced vs non-advanced,0.0865012391063172,higher methylation in case/higher stage,0.0865012391063172,FALSE,TRUE,stable_secondary,4,FALSE,0.2816589041865268,0.2983527952578243,0.08817366435939883,dataset_r2_gt_disease_r2,C1orf86;LOC100128003;C1orf86,chr1,2121521,Island,Body;Body;Body,Promoter_Associated,NA,NA,NA
cg11401159,intergenic/no-gene,226,34.0535386556414,2,1,1,0,1,6,1.0277175557673606e-4,3.988126224665456,44.7629940324885,34.137392654396024,progression_score,Ordinal progression score,0.04665293040467211,higher methylation in case/higher stage,0.1281028182259136,FALSE,FALSE,stable_secondary,4,FALSE,0.18066362851873485,0.04038046961016234,0.19281631820118617,none,NA,chr5,6759129,S_Shelf,NA,NA,NA,NA,NA
cg13728131,NAV2,227,33.69540379175706,3,0,3,0,1,6,9.49884658550212e-6,5.022329126496752,46.4045319358133,0,advanced_vs_nonadvanced,Advanced vs non-advanced,-0.0536938746874543,lower methylation in case/higher stage,0.05848411024731529,FALSE,TRUE,stable_secondary,4,FALSE,0.22620686519234665,0.3034929677569461,0.04608627455989195,dataset_r2_gt_disease_r2,NAV2;NAV2;NAV2,chr11,19799633,S_Shore,Body;Body;Body,NA,NA,TRUE,RDMR
cg27000120,GALNS,228,33.63833516417567,2,0,2,0,1,6,3.4761790404233653e-14,13.458897863332274,5.657866803138293,0,disease_vs_healthy,Disease vs healthy,0.08488884662924734,higher methylation in case/higher stage,0.08488884662924734,FALSE,TRUE,stable_secondary,4,FALSE,0.08708219549658272,0.12988451337480833,0.07830006052080438,dataset_r2_gt_disease_r2,GALNS,chr16,88917283,OpenSea,Body,NA,NA,NA,NA
cg14231704,C17orf62,229,33.6314539618161,1,1,0,0,1,3,1.7409249706232346e-14,13.759219945451571,0,0,advanced_vs_nonadvanced,Advanced vs non-advanced,0.10413301894598936,higher methylation in case/higher stage,0.10413301894598936,FALSE,FALSE,stable_secondary,5,TRUE,0.07816632765692468,0.00726492512666403,0.07607966699733074,none,C17orf62;C17orf62;C17orf62,chr17,80402432,Island,Body;Body;Body,NA,NA,NA,NA
cg13032057,intergenic/no-gene,230,33.37730096216303,2,0,2,0,1,6,5.481178845738286e-7,6.261126027073931,20.109745135774563,0,disease_vs_healthy,Disease vs healthy,0.05464640352415594,higher methylation in case/higher stage,0.05464640352415594,FALSE,TRUE,stage_replicated_all5,5,TRUE,0.07097287087214856,0.07520412054577556,0.05455728645870141,dataset_r2_gt_disease_r2,NA,chr6,30922803,N_Shore,NA,Unclassified,TRUE,NA,NA
cg18410685,intergenic/no-gene,231,32.98120945229995,1,1,0,0,1,3,1.4780896720395497e-13,12.83029921757136,0,0,advanced_vs_nonadvanced,Advanced vs non-advanced,0.0937310921253321,higher methylation in case/higher stage,0.0937310921253321,FALSE,FALSE,stable_secondary,5,TRUE,0.1069551539490284,0.01677930023509855,0.10560735878114626,none,NA,chr14,34838703,OpenSea,NA,NA,TRUE,NA,NA
cg20485607,intergenic/no-gene,232,32.545797089308685,2,0,2,0,0,6,3.3458133594220672e-9,8.475498289086078,47.741034261031366,22.862920279703392,disease_vs_healthy,Disease vs healthy,0.0944303494033056,higher methylation in case/higher stage,0.0944303494033056,FALSE,FALSE,stage_all5,6,TRUE,0.324782746781709,0.2893591600128001,0.08540418678915324,none,NA,chr1,120217696,OpenSea,NA,Unclassified_Cell_type_specific,TRUE,TRUE,NA
cg25429640,UNC5A,233,32.53683147592427,2,0,2,0,2,6,9.780050035945475e-4,3.0096589233024367,51.39859540774875,35.11631690623476,progression_score,Ordinal progression score,-0.02094459333118528,lower methylation in case/higher stage,0.03915226508061756,FALSE,TRUE,stage_replicated_all5,5,TRUE,0.1641323158814258,0.4366922537626704,0.04273425210807224,dataset_r2_gt_disease_r2,UNC5A,chr5,176302913,N_Shelf,Body,NA,NA,NA,NA
cg19639560,SLC16A11,234,32.488355336807835,1,1,0,0,1,3,3.383049399094511e-7,6.470691660622447,10.822576512557587,10.822576512557587,advanced_vs_nonadvanced,Advanced vs non-advanced,0.07384590934841877,higher methylation in case/higher stage,0.07384590934841877,TRUE,FALSE,stage_and_binary,4,FALSE,0.1945372388906388,0.19107699925249963,0.08321166412144052,none,SLC16A11,chr17,6946059,Island,Body,Unclassified,NA,NA,NA
cg08689926,intergenic/no-gene,235,32.34856478598983,2,0,0,2,2,3,4.414763554026246e-4,3.3550925514140415,0,0,advanced_vs_nonadvanced,Advanced vs non-advanced,0.0154453612825599,higher methylation in case/higher stage,0.0154453612825599,FALSE,TRUE,stage_replicated_all5,5,TRUE,0.02859824475196647,0.7587817024514677,0.00859690982154948,dataset_r2_gt_disease_r2,NA,chr22,50322930,Island,NA,Unclassified_Cell_type_specific,NA,NA,DMR
cg03650946,HOXA3,236,32.18967518947987,2,0,2,0,1,6,2.6891683238316592e-14,13.570382013015314,36.19184439261691,0,disease_vs_healthy,Disease vs healthy,0.0878541161115935,higher methylation in case/higher stage,0.0878541161115935,FALSE,TRUE,stable_secondary,4,FALSE,0.05394616347278611,0.09891322493627348,0.06962372843348424,dataset_r2_gt_disease_r2,HOXA3;HOXA3;HOXA3,chr7,27154562,N_Shore,5'UTR;TSS1500;5'UTR,NA,NA,NA,NA
cg08200543,C1orf86/LOC100128003,237,31.98776171101517,1,1,0,0,1,3,2.792895578881192e-9,8.553945301450247,0,0,advanced_vs_nonadvanced,Advanced vs non-advanced,0.08156836462175585,higher methylation in case/higher stage,0.08156836462175585,FALSE,FALSE,stage_all5,5,TRUE,0.16330018574007135,0.15290280742867535,0.05301808272684927,none,C1orf86;LOC100128003;C1orf86,chr1,2121449,Island,Body;Body;Body,Promoter_Associated,NA,NA,NA
cg05727199,EXPH5,238,31.972087525646216,2,0,2,0,2,3,0.00152311293445398,2.81726789378031,0,0,advanced_vs_nonadvanced,Advanced vs non-advanced,0.04031678542229058,higher methylation in case/higher stage,0.04031678542229058,FALSE,TRUE,stage_replicated_all5,6,TRUE,0.09994023128270728,0.1489689837640356,0.04232159611333805,dataset_r2_gt_disease_r2,EXPH5;EXPH5;EXPH5;EXPH5,chr11,108408907,OpenSea,Body;1stExon;5'UTR;Body,NA,NA,NA,NA
cg22298860,HLA-F,239,31.242339531756215,3,0,3,0,1,6,0.00171375575022736,2.7660510749958243,63.87792441481722,55.50937288696704,disease_vs_healthy,Disease vs healthy,-0.09123792393704822,lower methylation in case/higher stage,0.09123792393704822,FALSE,TRUE,stable_secondary,4,FALSE,0.1017180299406942,0.1287673437821069,0.07934184115705192,dataset_r2_gt_disease_r2,HLA-F;HLA-F;HLA-F,chr6,29690822,N_Shore,TSS1500;TSS1500;TSS1500,Promoter_Associated,NA,TRUE,NA
cg02940147,ROBO3,240,30.805043125110075,2,0,2,0,2,6,0.0198994778021916,1.7011583201029707,77.71535397924015,72.93784714254349,progression_score,Ordinal progression score,-0.02857538542583723,lower methylation in case/higher stage,0.03636049758675767,FALSE,TRUE,stage_and_binary,4,FALSE,0.24500987442982844,0.4744679159174448,0.02420971317766351,dataset_r2_gt_disease_r2,ROBO3,chr11,124747263,S_Shore,Body,NA,NA,NA,NA
cg26227225,C1orf86/LOC100128003,241,30.79581700281057,1,1,0,0,1,3,1.408746509950021e-7,6.8511671468722435,0,0,advanced_vs_nonadvanced,Advanced vs non-advanced,0.082777516168934,higher methylation in case/higher stage,0.082777516168934,FALSE,FALSE,stage_all5,5,TRUE,0.09037927232006002,0.0878103535304904,0.05121791052480971,none,C1orf86;LOC100128003;C1orf86,chr1,2121039,Island,Body;Body;3'UTR,Promoter_Associated,NA,NA,NA
cg21082050,FGB,242,30.741445218809275,2,0,2,0,2,6,0.0020500997389579,2.688225009663588,82.8062457591046,75.34834083148185,progression_score,Ordinal progression score,0.03255315171319361,higher methylation in case/higher stage,0.06842059912108418,FALSE,TRUE,stage_replicated_all5,5,TRUE,0.38392784013565434,0.5738509680163001,0.11976138692413874,dataset_r2_gt_disease_r2,FGB,chr4,155484272,OpenSea,1stExon,NA,NA,NA,NA
cg26937772,MT1H,243,30.459973370855423,1,1,0,0,1,3,4.252158751097497e-12,11.371390529793468,0,0,advanced_vs_nonadvanced,Advanced vs non-advanced,0.1123247164035003,higher methylation in case/higher stage,0.1123247164035003,FALSE,FALSE,stable_secondary,6,FALSE,0.13945045627596253,0.0964436786687244,0.0803659986331253,none,MT1H,chr16,56704905,S_Shore,3'UTR,NA,NA,NA,NA
cg23029597,RSRC2,244,30.26570022143872,1,0,1,0,1,5,8.0564281971388e-7,6.09385745919817,0,0,disease_vs_healthy,Disease vs healthy,-0.06970695732199648,lower methylation in case/higher stage,0.06970695732199648,FALSE,TRUE,stage_and_binary_all5,6,TRUE,0.06886305621203538,0.09019923017164053,0.04036181448359645,dataset_r2_gt_disease_r2,RSRC2;RSRC2;RSRC2,chr12,123009494,N_Shore,5'UTR;5'UTR;Body,NA,NA,NA,NA
cg16219124,CLPTM1L,245,29.61420348942047,2,0,2,0,2,3,7.852599906652071e-9,8.104986529474928,11.185741624239665,0,fibrosis_vs_nonfibrosis,Fibrosis vs non-fibrosis,0.08795379915500011,higher methylation in case/higher stage,0.09430041471609256,FALSE,TRUE,stable_secondary,4,FALSE,0.09133790918513394,0.13656028923215294,0.07018833510252392,dataset_r2_gt_disease_r2,CLPTM1L,chr5,1338438,N_Shore,Body,NA,NA,NA,NA
cg02408538,CHST15,246,29.54301589759843,1,1,0,0,1,3,0.00624728868291856,2.204308425140612,0,0,advanced_vs_nonadvanced,Advanced vs non-advanced,-0.04462819448634064,lower methylation in case/higher stage,0.04462819448634064,FALSE,FALSE,stage_replicated_all5,5,TRUE,0.05341719904093871,0.03462658512836795,0.03431369940010011,none,CHST15,chr10,125803767,N_Shore,Body,NA,NA,NA,NA
cg12437481,MRPL28,247,29.245559252455383,1,1,0,0,1,5,4.458626243134211e-6,5.350798932079117,0,0,disease_vs_healthy,Disease vs healthy,0.0693948741344321,higher methylation in case/higher stage,0.0693948741344321,FALSE,FALSE,stable_secondary,4,FALSE,0.09981966777738029,0.09902037684219515,0.03964197629293017,none,MRPL28,chr16,420112,Island,Body,NA,NA,NA,NA
cg16604233,intergenic/no-gene,248,29.06957544054554,1,1,0,0,1,3,4.119952678571869e-5,4.385107772207919,0,0,advanced_vs_nonadvanced,Advanced vs non-advanced,0.05203394845215394,higher methylation in case/higher stage,0.05203394845215394,FALSE,FALSE,stage_all5,5,TRUE,0.09617797714584062,0.09047181575098671,0.03005844141023103,none,NA,chr6,33128923,N_Shore,NA,Unclassified,NA,NA,NA
cg19151808,NAP1L5/HERC3,249,28.89761119232478,1,1,0,0,1,3,0.02177347825212602,1.6620721880906164,5.3167867867730205,5.3167867867730205,advanced_vs_nonadvanced,Advanced vs non-advanced,0.04232971466078838,higher methylation in case/higher stage,0.04232971466078838,FALSE,FALSE,stage_replicated_all5,6,TRUE,0.05292512359249852,0.04830678583221301,0.02805560761150109,none,NAP1L5;HERC3,chr4,89619051,OpenSea,TSS200;Body,Promoter_Associated,NA,NA,NA
cg01189072,CDK11B/LOC728661,250,28.73396559271472,2,0,2,0,1,6,8.942886619849374e-7,6.048522275306738,0,0,advanced_vs_nonadvanced,Advanced vs non-advanced,0.06408604776992528,higher methylation in case/higher stage,0.06408604776992528,FALSE,TRUE,stable_secondary,6,FALSE,0.10309325168452786,0.13413897205526693,0.04533953971466392,dataset_r2_gt_disease_r2,CDK11B;CDK11B;CDK11B;CDK11B;CDK11B;LOC728661;CDK11B,chr1,1610660,S_Shelf,Body;Body;Body;Body;Body;5'UTR;5'UTR,Promoter_Associated,TRUE,NA,NA
cg23730027,FLNB,251,28.692173580926692,2,0,2,0,2,6,1.9689522469718825e-6,5.705764816684682,56.03723581505157,29.960971965207005,progression_score,Ordinal progression score,0.04117311193848826,higher methylation in case/higher stage,0.10669754035224076,FALSE,TRUE,stable_secondary,4,FALSE,0.20160995058353495,0.4989688735131146,0.08631860539937247,dataset_r2_gt_disease_r2,FLNB;FLNB;FLNB;FLNB,chr3,57995180,Island,Body;Body;Body;Body,NA,NA,NA,NA
cg02493602,ME3,252,28.60999351675455,2,0,2,0,1,6,0.00358214020226879,2.445857420195504,62.04213354764602,56.085372121560376,disease_vs_healthy,Disease vs healthy,-0.05224180180971621,lower methylation in case/higher stage,0.05224180180971621,FALSE,TRUE,stage_replicated_all5,5,TRUE,0.13947693650470402,0.2384854148824629,0.0499168333275177,dataset_r2_gt_disease_r2,ME3;ME3;ME3,chr11,86383696,S_Shore,TSS1500;TSS200;TSS1500,NA,NA,NA,NA
cg15881107,intergenic/no-gene,253,28.47547451680761,2,0,0,2,2,6,0.01251891958201459,1.9024331503441287,7.124573768665728,0,disease_vs_healthy,Disease vs healthy,-0.01587843303644582,lower methylation in case/higher stage,0.01587843303644582,FALSE,TRUE,stable_secondary,4,FALSE,0.2244376756787614,0.7151094483196718,0.00623671247731638,dataset_r2_gt_disease_r2,NA,chr5,13579577,OpenSea,NA,NA,NA,NA,NA
cg18705301,NDUFAF1,254,28.31496902936913,2,0,0,2,2,6,0.06851071965238803,1.1642414705273323,0,0,disease_vs_healthy,Disease vs healthy,-0.03850480350903727,lower methylation in case/higher stage,0.03850480350903727,FALSE,TRUE,stable_secondary,4,FALSE,0.10101300417398124,0.145709893550466,0.00719320189505767,dataset_r2_gt_disease_r2,NDUFAF1,chr15,41695430,S_Shore,TSS1500,NA,NA,NA,NA
cg21837323,EIF2C3,255,28.23117881557232,2,0,2,0,1,6,0.0014919976989733,2.8262318466515333,84.94366954167506,80.61229049488308,disease_vs_healthy,Disease vs healthy,-0.1004324525166234,lower methylation in case/higher stage,0.1004324525166234,FALSE,TRUE,stage_and_binary,4,FALSE,0.29173083131560346,0.3660996838439537,0.06234450746664338,dataset_r2_gt_disease_r2,EIF2C3;EIF2C3,chr1,36397936,S_Shore,5'UTR;Body,NA,NA,NA,RDMR
cg06187336,MAFA,256,28.075606849202245,2,0,0,2,2,6,0.00775829744543916,2.1102335739965232,18.03113305190641,0,disease_vs_healthy,Disease vs healthy,0.03036281058284285,higher methylation in case/higher stage,0.03036281058284285,FALSE,TRUE,stable_secondary,4,FALSE,0.07841134243179494,0.11708418961591374,0.01499874607114881,dataset_r2_gt_disease_r2,MAFA,chr8,144513898,Island,TSS1500,Unclassified,NA,NA,NA
cg12659981,ODZ2,257,27.741303356457315,2,0,2,0,1,6,6.107527895976752e-7,6.2141345407211075,22.17181644094925,0,progression_score,Ordinal progression score,-0.0242174980438028,lower methylation in case/higher stage,0.04943039969839841,FALSE,TRUE,stable_secondary,4,FALSE,0.1274036404958007,0.16597128256528573,0.04280318263277644,dataset_r2_gt_disease_r2,ODZ2,chr5,166710712,OpenSea,TSS1500,NA,NA,NA,NA
cg26960322,CXCR7,258,27.73849807100183,2,0,2,0,0,6,0.06646581455492898,1.1774016684942434,81.71366193888286,79.81227201094953,progression_score,Ordinal progression score,-0.04777475979705725,lower methylation in case/higher stage,0.060247291463975,FALSE,TRUE,stage_and_binary_all5,6,TRUE,0.23980715369147007,0.2488715823119312,0.0345229478095653,dataset_r2_gt_disease_r2,CXCR7,chr2,237479015,S_Shore,5'UTR,NA,TRUE,NA,RDMR
cg18803147,intergenic/no-gene,259,27.08074492400222,1,0,1,0,0,5,2.8581082924873183e-12,11.543921320003175,0,0,disease_vs_healthy,Disease vs healthy,0.03878153332904097,higher methylation in case/higher stage,0.03878153332904097,FALSE,TRUE,stage_replicated_all5,5,TRUE,0.16318356409335374,0.3908345713676943,0.02787983947626549,dataset_r2_gt_disease_r2,NA,chr5,2743124,S_Shore,NA,NA,NA,NA,NA
cg22676075,intergenic/no-gene,260,27.04904936637427,1,1,0,0,1,5,0.00612452390003567,2.2129276662489556,0,0,disease_vs_healthy,Disease vs healthy,0.0526565122989637,higher methylation in case/higher stage,0.0526565122989637,FALSE,FALSE,stable_secondary,6,FALSE,0.04510878734104193,0.03573307076564337,0.01819900164294299,none,NA,chr6,135203613,OpenSea,NA,Unclassified,NA,NA,DMR
cg01972843,CECR1,261,26.96911090060634,2,0,2,0,0,6,5.762646116430761e-11,10.23937804958406,33.969074682050035,0,progression_score,Ordinal progression score,0.03003093071989344,higher methylation in case/higher stage,0.04714600203192903,FALSE,TRUE,stable_secondary,4,FALSE,0.258629745334571,0.265751234396064,0.059794359053981,dataset_r2_gt_disease_r2,CECR1;CECR1,chr22,17680706,OpenSea,TSS200;Body,NA,NA,NA,NA
cg22242857,SALL3,262,26.843662199336997,1,1,0,0,1,5,0.0011155031174305,2.952529211681379,14.462164976799365,14.462164976799365,disease_vs_healthy,Disease vs healthy,0.05493322257880949,higher methylation in case/higher stage,0.05493322257880949,FALSE,FALSE,stable_secondary,4,FALSE,0.04771451062237495,0.00790684660222881,0.0470057549604932,none,SALL3,chr18,76751952,Island,Body,NA,NA,NA,NA
cg09227533,intergenic/no-gene,263,26.639475476881845,1,1,0,0,1,3,1.2202915513405597e-6,5.913536395545492,0,0,advanced_vs_nonadvanced,Advanced vs non-advanced,0.07778596340179678,higher methylation in case/higher stage,0.07778596340179678,FALSE,FALSE,stable_secondary,4,FALSE,0.04878539516936357,0.00614747014124502,0.06074756549404853,none,NA,chr4,186945339,OpenSea,NA,NA,NA,NA,NA
cg18898632,intergenic/no-gene,264,25.68361276337081,2,0,0,2,2,3,0.02037626704664769,1.6908753762440136,0,0,advanced_vs_nonadvanced,Advanced vs non-advanced,0.03781757552121163,higher methylation in case/higher stage,0.03893245790355745,FALSE,TRUE,stable_secondary,4,FALSE,0.07732735966838514,0.11341359929528004,0.01679069953052031,dataset_r2_gt_disease_r2,NA,chr2,242989856,Island,NA,NA,NA,NA,NA
cg00085123,intergenic/no-gene,265,25.46400382678223,1,0,0,1,1,5,0.03934605183762052,1.405098840208623,30.391307227276137,30.391307227276137,disease_vs_healthy,Disease vs healthy,-0.0365276729909629,lower methylation in case/higher stage,0.0365276729909629,FALSE,TRUE,stage_and_binary_all5,6,TRUE,0.11771418247493765,0.14117255428887138,0.01175562745212921,dataset_r2_gt_disease_r2,NA,chr2,8723906,Island,NA,Unclassified,TRUE,TRUE,NA
cg20084219,C17orf98,266,25.16929776905221,2,0,2,0,2,3,0.00847547262328781,2.07183607460419,15.619749663414463,0,advanced_vs_nonadvanced,Advanced vs non-advanced,0.04165846046822127,higher methylation in case/higher stage,0.07475999828749011,FALSE,TRUE,stable_secondary,6,FALSE,0.03805479326931346,0.07608175847243652,0.02177888166856989,dataset_r2_gt_disease_r2,C17orf98,chr17,36997449,Island,1stExon,Unclassified_Cell_type_specific,NA,NA,NA
cg11921111,intergenic/no-gene,267,25.03440597206611,2,0,2,0,1,6,0.00104048484703869,2.9827642401956513,31.07057992141692,0,advanced_vs_nonadvanced,Advanced vs non-advanced,0.05549711267042837,higher methylation in case/higher stage,0.05549711267042837,FALSE,TRUE,stable_secondary,4,FALSE,0.12175951565144004,0.12937181976572884,0.02709165184937712,dataset_r2_gt_disease_r2,NA,chr13,62884315,OpenSea,NA,NA,TRUE,NA,NA
cg24088508,C1orf109,268,24.780290370429015,1,0,0,1,1,5,1.066980822546684e-4,3.9718433863271696,0,0,disease_vs_healthy,Disease vs healthy,0.02973169978198311,higher methylation in case/higher stage,0.02973169978198311,FALSE,TRUE,stage_replicated_all5,5,TRUE,0.34268804852447227,0.5242062447276399,0.01501348980634909,dataset_r2_gt_disease_r2,C1orf109,chr1,38156462,N_Shore,TSS1500,Promoter_Associated,NA,NA,NA
cg14497545,MAML3,269,24.725217677506823,1,0,0,1,1,3,0.00343086253815587,2.464596682152605,0,0,advanced_vs_nonadvanced,Advanced vs non-advanced,-0.00768581607836833,lower methylation in case/higher stage,0.00768581607836833,FALSE,TRUE,stage_and_binary_all5,5,TRUE,0.242820780325574,0.937570454227294,0.00101944240890761,dataset_r2_gt_disease_r2,MAML3,chr4,140754475,OpenSea,Body,NA,NA,NA,NA
cg18705808,TMEM184A,270,24.5237636481281,2,0,0,2,2,6,0.00335955484051951,2.4737182652036207,94.15678275028874,93.87157593225432,progression_score,Ordinal progression score,-0.01476669245622821,lower methylation in case/higher stage,0.02303352319259247,FALSE,TRUE,stable_secondary,4,FALSE,0.1106490755842846,0.9071493729743144,0.01703185355839287,dataset_r2_gt_disease_r2,TMEM184A,chr7,1588284,S_Shore,Body,Unclassified_Cell_type_specific,NA,TRUE,NA
cg00483825,C10orf93,271,23.95874186352161,1,1,0,0,1,3,0.00824295733769288,2.083916947888011,0,0,fibrosis_vs_nonfibrosis,Fibrosis vs non-fibrosis,0.04202846968530446,higher methylation in case/higher stage,0.04202846968530446,FALSE,FALSE,stable_secondary,4,FALSE,0.03445200397761792,0.03373640214377504,0.01393867731959131,none,C10orf93,chr10,134751640,OpenSea,Body,NA,NA,NA,NA
cg04763273,intergenic/no-gene,272,23.956297038604554,1,0,0,1,1,3,0.04303892085468998,1.366138626577933,0,0,advanced_vs_nonadvanced,Advanced vs non-advanced,0.03091122508677184,higher methylation in case/higher stage,0.03091122508677184,FALSE,TRUE,stage_and_binary_all5,5,TRUE,0.20200567904755024,0.2593756792662867,0.00908423513352108,dataset_r2_gt_disease_r2,NA,chr20,55502381,S_Shore,NA,Unclassified_Cell_type_specific,NA,NA,NA
cg02293437,HYDIN,273,23.87374798157821,1,1,0,0,1,3,0.00140269114620224,2.8530379442718528,12.467571588241732,12.467571588241732,advanced_vs_nonadvanced,Advanced vs non-advanced,-0.06397539653021345,lower methylation in case/higher stage,0.06397539653021345,FALSE,FALSE,stable_secondary,4,FALSE,0.08586474466006332,0.03568712999745487,0.05967371763799306,none,HYDIN;HYDIN,chr16,71264678,S_Shore,TSS200;TSS200,NA,NA,TRUE,DMR
cg17033080,IGFBP2,274,23.84747977437643,1,0,1,0,1,3,0.01289482334817341,1.8895846030754044,9.504588955527016,9.504588955527016,advanced_vs_nonadvanced,Advanced vs non-advanced,-0.02598436741830474,lower methylation in case/higher stage,0.02598436741830474,FALSE,TRUE,stage_and_binary_all5,5,TRUE,0.10936002699985442,0.31585978716013097,0.0325980679290262,dataset_r2_gt_disease_r2,IGFBP2,chr2,217508851,OpenSea,Body,NA,TRUE,NA,NA
cg20453820,intergenic/no-gene,275,23.463021749280234,1,0,1,0,0,5,4.163406345189425e-5,4.380551200244282,62.06728181781526,62.06728181781526,disease_vs_healthy,Disease vs healthy,0.08049013357139004,higher methylation in case/higher stage,0.08049013357139004,FALSE,FALSE,stage_and_binary,6,FALSE,0.2873425256334783,0.2851611656969996,0.07969516738518195,high_heterogeneity,NA,chr12,10253743,OpenSea,NA,NA,TRUE,NA,NA
cg05337761,C1orf86/LOC100128003,276,22.934703654251216,1,0,1,0,1,3,3.325461486784255e-9,8.47814807750174,0,0,advanced_vs_nonadvanced,Advanced vs non-advanced,0.09145541792914756,higher methylation in case/higher stage,0.09145541792914756,FALSE,TRUE,stage_all5,5,TRUE,0.12406008405066908,0.1747535404404557,0.05717833318247939,dataset_r2_gt_disease_r2,C1orf86;LOC100128003;C1orf86,chr1,2121349,Island,Body;Body;Body,Promoter_Associated,NA,NA,NA
cg19419581,intergenic/no-gene,277,22.90118744164467,1,0,1,0,1,5,7.168800786059967e-5,4.144553488063815,0,0,disease_vs_healthy,Disease vs healthy,-0.05174088066803514,lower methylation in case/higher stage,0.05174088066803514,FALSE,TRUE,stage_all5,5,TRUE,0.09570269606879332,0.1319540180223071,0.02707228182634571,dataset_r2_gt_disease_r2,NA,chr17,79482410,Island,NA,Promoter_Associated,NA,NA,NA
cg12082025,ABCA7,278,22.642128254558425,1,0,1,0,1,5,1.6808581525432043e-4,3.774468935083459,0,0,disease_vs_healthy,Disease vs healthy,0.03505055936722325,higher methylation in case/higher stage,0.03505055936722325,FALSE,TRUE,stage_all5,5,TRUE,0.04184906922729609,0.2844539845959018,0.02329427779727611,dataset_r2_gt_disease_r2,ABCA7,chr19,1064218,Island,Body,NA,NA,NA,NA
cg12296532,intergenic/no-gene,279,22.55443719918074,1,0,1,0,1,5,2.2428694794096815e-4,3.649195998829627,0,0,disease_vs_healthy,Disease vs healthy,-0.05269914208579365,lower methylation in case/higher stage,0.05269914208579365,FALSE,TRUE,stage_all5,5,TRUE,0.07052683867406588,0.13802420139811006,0.0233069368322254,dataset_r2_gt_disease_r2,NA,chr17,79482181,Island,NA,NA,NA,NA,NA
cg08702915,RABGGTB/SNORD45B,280,22.233149692470025,2,0,2,0,0,6,2.662409968354425e-4,3.5747250693402357,35.38315712136283,23.76696409225377,progression_score,Ordinal progression score,-0.02427572917048453,lower methylation in case/higher stage,0.03608374999584584,FALSE,TRUE,stable_secondary,4,FALSE,0.3849420560973506,0.5126998696130121,0.02987266335766303,dataset_r2_gt_disease_r2,RABGGTB;SNORD45B,chr1,76253688,OpenSea,Body;TSS1500,NA,NA,NA,NA
cg06487334,NOX3,281,21.177962983845863,1,0,1,0,1,5,0.02075848895763327,1.6828042626369455,0,0,disease_vs_healthy,Disease vs healthy,-0.00841148396404467,lower methylation in case/higher stage,0.00841148396404467,FALSE,TRUE,stage_all5,5,TRUE,0.09758735336437924,0.34544552902333825,0.04691220586363853,dataset_r2_gt_disease_r2,NOX3,chr6,155759026,OpenSea,Body,NA,TRUE,NA,NA
cg07187105,TCTN3,282,20.714232582883938,1,0,1,0,1,3,4.942577104094442e-6,5.306046546977051,0,0,advanced_vs_nonadvanced,Advanced vs non-advanced,0.07492015158719532,higher methylation in case/higher stage,0.07492015158719532,FALSE,TRUE,stage_all5,5,TRUE,0.12044389668289658,0.16513166172798294,0.03946697855135289,dataset_r2_gt_disease_r2,TCTN3;TCTN3,chr10,97423205,OpenSea,3'UTR;3'UTR,NA,NA,NA,NA
cg13978347,ASTN2,283,20.712569286217324,1,0,1,0,0,5,0.01852499769214382,1.732241837453318,0,0,disease_vs_healthy,Disease vs healthy,-0.01513047451220859,lower methylation in case/higher stage,0.01513047451220859,FALSE,TRUE,stage_and_binary,4,FALSE,0.04373058246981298,0.18073433213836415,0.02028479344838829,dataset_r2_gt_disease_r2,ASTN2;ASTN2;ASTN2,chr9,120140243,OpenSea,Body;Body;Body,NA,NA,NA,NA
cg05040501,CCDC88C,284,20.406178310237483,1,0,1,0,1,3,0.00979882141185017,2.00882615748212,0,0,fibrosis_vs_nonfibrosis,Fibrosis vs non-fibrosis,-0.03821141101903852,lower methylation in case/higher stage,0.03821141101903852,FALSE,TRUE,stage_replicated_all5,5,TRUE,0.04819634406771771,0.09519426748791492,0.02473195726144099,dataset_r2_gt_disease_r2,CCDC88C,chr14,91883268,N_Shore,Body,NA,NA,NA,NA
cg02542817,intergenic/no-gene,285,20.39621831856191,1,0,1,0,1,3,0.01012517182714562,1.9945975979455912,0,0,fibrosis_vs_nonfibrosis,Fibrosis vs non-fibrosis,0.04075851516470624,higher methylation in case/higher stage,0.04075851516470624,FALSE,TRUE,stage_replicated_all5,5,TRUE,0.2559107760753404,0.35294542525884276,0.02056986961400303,dataset_r2_gt_disease_r2,NA,chr2,229291442,OpenSea,NA,NA,TRUE,NA,NA
cg10327440,CDC42BPA,286,20.252833070551308,1,0,0,1,1,3,0.01622700876109677,1.789761529359013,0,0,advanced_vs_nonadvanced,Advanced vs non-advanced,-0.07506232491194785,lower methylation in case/higher stage,0.07506232491194785,FALSE,TRUE,stage_replicated_all5,6,TRUE,0.07719374622557873,0.12764153149957172,0.01549433812020043,dataset_r2_gt_disease_r2,CDC42BPA;CDC42BPA,chr1,227177885,OpenSea,3'UTR;3'UTR,Unclassified_Cell_type_specific,NA,NA,NA
cg23591463,intergenic/no-gene,287,20.22724376980301,1,0,0,1,1,3,0.01765202828064881,1.7532053854328733,0,0,advanced_vs_nonadvanced,Advanced vs non-advanced,-0.03337254344992905,lower methylation in case/higher stage,0.03337254344992905,FALSE,TRUE,stage_replicated_all5,5,TRUE,0.10769723346824008,0.14244566646762333,0.01453251376626887,dataset_r2_gt_disease_r2,NA,chr12,114851495,N_Shore,NA,Unclassified,TRUE,NA,DMR
cg13405775,RFPL2,288,20.11814220331262,1,0,0,1,1,3,0.02527283693738543,1.5973460047323134,0,0,advanced_vs_nonadvanced,Advanced vs non-advanced,-0.03897847623800821,lower methylation in case/higher stage,0.03897847623800821,FALSE,TRUE,stage_replicated_all5,6,TRUE,0.13705804548464087,0.16413485478374873,0.00739676050480497,dataset_r2_gt_disease_r2,RFPL2;RFPL2;RFPL2,chr22,32599648,OpenSea,TSS200;5'UTR;TSS1500,NA,NA,NA,NA
cg02367316,POU6F2,289,19.994837208250424,1,0,1,0,1,3,0.03791438259214195,1.421196011786321,0,0,fibrosis_vs_nonfibrosis,Fibrosis vs non-fibrosis,-0.032660320506339983,lower methylation in case/higher stage,0.032660320506339983,FALSE,TRUE,stage_replicated_all5,5,TRUE,0.1135492282876248,0.11930375876652786,0.03939356305704246,dataset_r2_gt_disease_r2,POU6F2;POU6F2,chr7,39125198,OpenSea,Body;Body,NA,TRUE,NA,NA
cg09200263,ATP6V0A4,290,19.981962287088685,1,0,0,1,1,3,3.1719967714950557e-4,3.498667263385517,29.342095945623548,29.342095945623548,advanced_vs_nonadvanced,Advanced vs non-advanced,-0.0333543879917223,lower methylation in case/higher stage,0.0333543879917223,FALSE,TRUE,stage_replicated_all5,5,TRUE,0.40093951483684864,0.7573410957614914,0.00773183450442083,dataset_r2_gt_disease_r2,ATP6V0A4;ATP6V0A4;ATP6V0A4,chr7,138436260,OpenSea,Body;Body;Body,NA,NA,NA,NA
cg14561934,FAM171A1,291,19.96304928930003,1,0,1,0,0,5,0.05783206226848541,1.23783132065068,78.06865270310894,78.06865270310894,disease_vs_healthy,Disease vs healthy,0.06906907015693313,higher methylation in case/higher stage,0.06906907015693313,FALSE,TRUE,stage_and_binary_all5,6,TRUE,0.09357499864831371,0.1163898629386119,0.05832344424486727,dataset_r2_gt_disease_r2,FAM171A1,chr10,15412027,N_Shore,Body,NA,NA,NA,NA
cg09120722,SORBS2,292,19.96112692186864,1,0,0,1,1,3,0.04236054511645133,1.3730384598123442,0,0,advanced_vs_nonadvanced,Advanced vs non-advanced,-0.0842059782432496,lower methylation in case/higher stage,0.0842059782432496,FALSE,TRUE,stage_replicated_all5,5,TRUE,0.05085587788876253,0.05151278528627097,0.01029220146409681,dataset_r2_gt_disease_r2,SORBS2;SORBS2;SORBS2;SORBS2;SORBS2;SORBS2;SORBS2;SORBS2,chr4,186549051,S_Shelf,Body;Body;Body;Body;Body;Body;Body;Body,NA,NA,NA,NA
cg08452456,TBKBP1,293,19.93225906810008,2,0,2,0,0,6,8.483985286211363e-4,3.071400093352406,74.35441994493203,68.88344829048089,progression_score,Ordinal progression score,0.02851946437269236,higher methylation in case/higher stage,0.040513002061077,FALSE,TRUE,stable_secondary,4,FALSE,0.14954336320482475,0.6888877576506605,0.04432148516502199,dataset_r2_gt_disease_r2,TBKBP1,chr17,45786439,Island,Body,NA,TRUE,TRUE,NA
cg16887334,OXT,294,19.87374875461708,1,1,0,0,1,3,0.03808562376088558,1.4192389271995902,72.39436988845267,72.39436988845267,advanced_vs_nonadvanced,Advanced vs non-advanced,0.09190345629514964,higher methylation in case/higher stage,0.09190345629514964,FALSE,FALSE,stable_secondary,4,FALSE,0.14035586244234668,0.05583880178029986,0.13663619780016678,high_heterogeneity,OXT,chr20,3052151,Island,TSS200,NA,NA,NA,NA
cg12456539,intergenic/no-gene,295,19.41178792716687,1,0,1,0,0,5,0.02257290412399049,1.6464125630362203,14.814017339169682,14.814017339169682,disease_vs_healthy,Disease vs healthy,0.03194277365934307,higher methylation in case/higher stage,0.03194277365934307,FALSE,TRUE,stage_replicated_all5,5,TRUE,0.06647543546034651,0.14311647934812108,0.0258583122470421,dataset_r2_gt_disease_r2,NA,chr10,118246635,OpenSea,NA,NA,TRUE,NA,NA
cg22831238,RASSF3,296,19.087218050015608,1,0,1,0,1,3,0.00104294145102121,2.981740071450866,0,0,fibrosis_vs_nonfibrosis,Fibrosis vs non-fibrosis,0.04458245211321956,higher methylation in case/higher stage,0.04458245211321956,FALSE,TRUE,stage_all5,5,TRUE,0.25833836759974455,0.26537435565747247,0.04264276208390316,dataset_r2_gt_disease_r2,RASSF3,chr12,65076073,OpenSea,Body,NA,TRUE,NA,NA
cg02336718,intergenic/no-gene,297,18.36667213669182,1,0,1,0,1,3,1.1158639144308777e-7,6.952388766702602,0,0,advanced_vs_nonadvanced,Advanced vs non-advanced,0.08851556290310825,higher methylation in case/higher stage,0.08851556290310825,FALSE,TRUE,stable_secondary,4,FALSE,0.20817851687635108,0.25401336801098134,0.03963539059093624,dataset_r2_gt_disease_r2,NA,chr17,17403227,S_Shelf,NA,Unclassified_Cell_type_specific,NA,NA,NA
cg08282428,RBM46,298,18.363407878259384,1,0,0,1,1,5,0.00122736687888138,2.9110256005511363,3.486200842528222,3.486200842528222,disease_vs_healthy,Disease vs healthy,0.03301619143231431,higher methylation in case/higher stage,0.03301619143231431,FALSE,TRUE,stable_secondary,4,FALSE,0.1692279730743619,0.40990456552862575,0.01815423978419933,dataset_r2_gt_disease_r2,RBM46,chr4,155702411,Island,TSS200,NA,NA,NA,NA
cg26146732,intergenic/no-gene,299,18.210727740948514,1,0,1,0,0,5,0.01863755514688621,1.729611058497879,0,0,disease_vs_healthy,Disease vs healthy,0.04064014423018025,higher methylation in case/higher stage,0.04064014423018025,FALSE,TRUE,stage_all5,5,TRUE,0.01579361577938184,0.02471225583419364,0.03406086214966274,dataset_r2_gt_disease_r2,NA,chr14,70690454,OpenSea,NA,NA,NA,NA,NA
cg25426208,intergenic/no-gene,300,18.053988649007938,1,0,0,1,1,5,0.00602582084885839,2.219983784297046,0,0,disease_vs_healthy,Disease vs healthy,0.03099423790646378,higher methylation in case/higher stage,0.03099423790646378,FALSE,TRUE,stable_secondary,4,FALSE,0.15627182329779743,0.1737287693183839,0.01206051087863169,dataset_r2_gt_disease_r2,NA,chr6,27198646,OpenSea,NA,NA,NA,NA,RDMR
cg08994082,GNG7,301,17.956847794592434,1,0,1,0,1,3,5.96941430533833e-5,4.2240682779891925,0,0,advanced_vs_nonadvanced,Advanced vs non-advanced,0.0533384362599263,higher methylation in case/higher stage,0.0533384362599263,FALSE,TRUE,stable_secondary,5,TRUE,0.14033074142072183,0.1963573123071951,0.02476653357485456,dataset_r2_gt_disease_r2,GNG7,chr19,2525459,Island,5'UTR,NA,NA,NA,NA
cg13732083,C21orf56,302,17.953450485316075,1,0,0,1,1,5,0.00838768599829305,2.0763578361658217,0,0,disease_vs_healthy,Disease vs healthy,-0.02962266362902842,lower methylation in case/higher stage,0.02962266362902842,FALSE,TRUE,stable_secondary,4,FALSE,0.04545969000663474,0.04971146895857883,0.01763150878870507,dataset_r2_gt_disease_r2,C21orf56;C21orf56,chr21,47605072,S_Shelf,TSS1500;TSS1500,Unclassified,NA,NA,NA
cg01775802,RGS6,303,17.8798277171059,1,0,0,1,1,3,0.05534816937395324,1.256896738722713,0,0,fibrosis_vs_nonfibrosis,Fibrosis vs non-fibrosis,0.0101501480293707,higher methylation in case/higher stage,0.0101501480293707,FALSE,TRUE,stage_all5,5,TRUE,0.20719757548647527,0.9094404151466354,0.00199496446505031,dataset_r2_gt_disease_r2,RGS6,chr14,72945461,OpenSea,Body,NA,TRUE,NA,NA
cg00631329,intergenic/no-gene,304,17.845815840273435,1,0,0,1,1,3,0.06190014363224257,1.2083083432477657,0,0,fibrosis_vs_nonfibrosis,Fibrosis vs non-fibrosis,-0.03346082321609077,lower methylation in case/higher stage,0.03346082321609077,FALSE,TRUE,stage_all5,6,TRUE,0.02393556277309615,0.10623690466504283,0.01755884374710369,dataset_r2_gt_disease_r2,NA,chr6,26305371,OpenSea,NA,Promoter_Associated_Cell_type_specific,NA,NA,NA
cg16536855,HK1,305,17.646313966493423,1,0,0,1,1,5,0.02303608218593934,1.6375913807048907,0,0,disease_vs_healthy,Disease vs healthy,0.01974360765657198,higher methylation in case/higher stage,0.01974360765657198,FALSE,TRUE,stable_secondary,4,FALSE,0.3603718023377809,0.45024276033166055,0.00963051342401538,dataset_r2_gt_disease_r2,HK1;HK1;HK1,chr10,71038317,OpenSea,5'UTR;5'UTR;5'UTR,NA,TRUE,NA,NA
cg16506815,intergenic/no-gene,306,17.414186999011125,1,0,1,0,1,3,3.5576353353271696e-4,3.4488385700158917,0,0,advanced_vs_nonadvanced,Advanced vs non-advanced,0.06144668064507132,higher methylation in case/higher stage,0.06144668064507132,FALSE,TRUE,stable_secondary,5,TRUE,0.05699603080908574,0.06090710613230798,0.03005677557281017,dataset_r2_gt_disease_r2,NA,chr2,162101123,N_Shore,NA,Promoter_Associated,NA,TRUE,RDMR
cg19815989,PDXK,307,15.81851415148153,1,0,0,1,1,3,4.873454620474177e-4,3.3121630735450447,0,0,advanced_vs_nonadvanced,Advanced vs non-advanced,-0.04730608150740553,lower methylation in case/higher stage,0.04730608150740553,FALSE,TRUE,stable_secondary,4,FALSE,0.0894064316026928,0.13146699776039553,0.01889239418221927,dataset_r2_gt_disease_r2,PDXK,chr21,45161359,OpenSea,Body,NA,NA,TRUE,NA
cg25461186,MLXIP,308,15.727895774635478,1,0,1,0,1,3,6.565861999210233e-4,3.182708249479253,0,0,advanced_vs_nonadvanced,Advanced vs non-advanced,0.03337061088574435,higher methylation in case/higher stage,0.03337061088574435,FALSE,TRUE,stable_secondary,4,FALSE,0.3864347753158944,0.41537340822141,0.05374242921125982,dataset_r2_gt_disease_r2,MLXIP,chr12,122518089,S_Shore,Body,NA,NA,TRUE,RDMR
cg24834394,intergenic/no-gene,309,15.562967032076209,1,0,0,1,1,3,0.00112954682688209,2.947095760108869,0,0,advanced_vs_nonadvanced,Advanced vs non-advanced,-0.04114174111462104,lower methylation in case/higher stage,0.04114174111462104,FALSE,TRUE,stable_secondary,4,FALSE,0.09288502050717916,0.21089739635538693,0.01953380398914686,dataset_r2_gt_disease_r2,NA,chr12,12620789,OpenSea,NA,Unclassified_Cell_type_specific,NA,NA,NA
cg20300514,C1orf86/LOC100128003,310,15.541173538776205,1,0,1,0,1,3,0.00121349447054095,2.9159621982517203,0,0,advanced_vs_nonadvanced,Advanced vs non-advanced,0.03842942217712902,higher methylation in case/higher stage,0.03842942217712902,FALSE,TRUE,stable_secondary,4,FALSE,0.11090452605837146,0.131814270753179,0.02576192847506331,dataset_r2_gt_disease_r2,C1orf86;LOC100128003,chr1,2120985,N_Shore,Body;Body,Promoter_Associated,NA,NA,NA
cg08322580,intergenic/no-gene,311,15.285409774018971,1,0,1,0,0,5,0.00281458655363972,2.550585391455676,0,0,disease_vs_healthy,Disease vs healthy,0.03654149365303304,higher methylation in case/higher stage,0.03654149365303304,FALSE,TRUE,stable_secondary,4,FALSE,0.04960525873437775,0.08809354023794923,0.03509426753997657,dataset_r2_gt_disease_r2,NA,chr14,70690538,OpenSea,NA,NA,NA,NA,NA
cg21695830,RBMXL1/CCBL2,312,15.230495155429622,1,0,1,0,1,3,0.00337181752578114,2.472135936328031,0,0,advanced_vs_nonadvanced,Advanced vs non-advanced,-0.04050559106916075,lower methylation in case/higher stage,0.04050559106916075,FALSE,TRUE,stable_secondary,4,FALSE,0.04678178108517513,0.11057653467334812,0.02657449570675735,dataset_r2_gt_disease_r2,RBMXL1;RBMXL1;CCBL2;CCBL2,chr1,89457462,N_Shore,5'UTR;5'UTR;5'UTR;5'UTR,Promoter_Associated_Cell_type_specific,NA,NA,NA
cg20666533,PCDH9,313,15.155718863531902,1,0,0,1,1,3,0.0043120852454187,2.365312662188431,0,0,fibrosis_vs_nonfibrosis,Fibrosis vs non-fibrosis,0.03280965104564946,higher methylation in case/higher stage,0.03280965104564946,FALSE,TRUE,stable_secondary,4,FALSE,0.45682879526971754,0.5704280114984246,0.00949691780058026,dataset_r2_gt_disease_r2,PCDH9;PCDH9,chr13,67714028,OpenSea,Body;Body,NA,NA,NA,NA
cg21739934,intergenic/no-gene,314,14.946162795545462,1,0,0,1,1,3,0.00859118654531522,2.0659468507792287,0,0,advanced_vs_nonadvanced,Advanced vs non-advanced,-0.03506534464557698,lower methylation in case/higher stage,0.03506534464557698,FALSE,TRUE,stable_secondary,4,FALSE,0.14493764841515577,0.49683304155875846,0.01837219036035037,dataset_r2_gt_disease_r2,NA,chr11,116371391,Island,NA,NA,TRUE,NA,NA
cg09061684,intergenic/no-gene,315,14.739739829107442,1,0,0,1,1,5,0.0929478222570886,1.031760781177817,49.649854354340576,49.649854354340576,disease_vs_healthy,Disease vs healthy,-0.04096937351976947,lower methylation in case/higher stage,0.04096937351976947,FALSE,TRUE,stable_secondary,4,FALSE,0.05905781080404416,0.0962955668255767,0.01175578024873071,dataset_r2_gt_disease_r2,NA,chr2,8724011,Island,NA,Unclassified,TRUE,TRUE,NA
cg07385778,intergenic/no-gene,316,14.71234476976997,1,0,1,0,1,3,0.01853868393844833,1.731921099671388,0,0,advanced_vs_nonadvanced,Advanced vs non-advanced,0.02801993582439534,higher methylation in case/higher stage,0.02801993582439534,FALSE,TRUE,stable_secondary,4,FALSE,0.31565599991357857,0.3259170051024014,0.0510949268375474,dataset_r2_gt_disease_r2,NA,chr3,72320634,OpenSea,NA,NA,TRUE,NA,NA
cg19985056,intergenic/no-gene,317,14.69240101615152,1,0,1,0,0,5,0.01979565958704519,1.7034300230736004,0,0,disease_vs_healthy,Disease vs healthy,-0.02866363034242682,lower methylation in case/higher stage,0.02866363034242682,FALSE,TRUE,stable_secondary,4,FALSE,0.04595717929219475,0.11135970877956124,0.02195568734660208,dataset_r2_gt_disease_r2,NA,chr5,56595244,OpenSea,NA,Unclassified,NA,NA,NA
cg01517571,ACOT11/FAM151A,318,14.473707212946136,1,0,0,1,1,3,0.04064336858761428,1.3910103042087627,0,0,fibrosis_vs_nonfibrosis,Fibrosis vs non-fibrosis,-0.03742194377064793,lower methylation in case/higher stage,0.03742194377064793,FALSE,TRUE,stable_secondary,4,FALSE,0.037818271781447,0.10183872140544292,0.01317233601023412,dataset_r2_gt_disease_r2,ACOT11;FAM151A,chr1,55089959,OpenSea,Body;TSS1500,NA,NA,NA,NA
cg20577307,intergenic/no-gene,319,14.268646594137795,1,0,0,1,1,3,0.07978723903120284,1.0980665630539936,0,0,fibrosis_vs_nonfibrosis,Fibrosis vs non-fibrosis,0.02635923029113648,higher methylation in case/higher stage,0.02635923029113648,FALSE,TRUE,stable_secondary,4,FALSE,0.27498854475415707,0.3283206588187296,0.01230057913265292,dataset_r2_gt_disease_r2,NA,chr13,59301673,OpenSea,NA,NA,TRUE,NA,NA
cg23482746,C15orf27,320,14.256499231062982,1,0,0,1,1,3,0.08303989909318821,1.0807131872328304,0,0,advanced_vs_nonadvanced,Advanced vs non-advanced,0.02079215997178335,higher methylation in case/higher stage,0.02079215997178335,FALSE,TRUE,stable_secondary,4,FALSE,0.3059817463129029,0.4420183872030128,0.00795817010912602,dataset_r2_gt_disease_r2,C15orf27,chr15,76478102,OpenSea,Body,NA,TRUE,TRUE,NA
cg10815657,PPAP2C,321,13.691111899878418,1,0,1,0,1,3,0.06992471819894186,1.1553692751872704,12.352931855053392,12.352931855053392,fibrosis_vs_nonfibrosis,Fibrosis vs non-fibrosis,-0.04688836384192162,lower methylation in case/higher stage,0.04688836384192162,FALSE,TRUE,stable_secondary,4,FALSE,0.04686385526421565,0.11116337334250738,0.02866397752900747,dataset_r2_gt_disease_r2,PPAP2C;PPAP2C;PPAP2C,chr19,289902,N_Shore,Body;Body;5'UTR,NA,TRUE,NA,NA
cg22705835,REEP3,322,13.277688252688112,1,0,1,0,1,6,0.03859312261601182,1.4134900807175823,84.2350960762839,84.2350960762839,progression_score,Ordinal progression score,0.02651715982453038,higher methylation in case/higher stage,0.02651715982453038,FALSE,TRUE,stable_secondary,4,FALSE,0.38814874694047696,0.5984470622222571,0.05219891070881011,dataset_r2_gt_disease_r2,REEP3,chr10,65332833,OpenSea,Body,NA,TRUE,NA,NA
cg23733394,intergenic/no-gene,323,12.979166272417752,1,0,0,1,1,3,0.05675448450362273,1.2459998166329902,27.86067198450682,27.86067198450682,advanced_vs_nonadvanced,Advanced vs non-advanced,-0.05497042612333857,lower methylation in case/higher stage,0.05497042612333857,FALSE,TRUE,stable_secondary,4,FALSE,0.13404163216208662,0.14921622913215696,0.01668943142984536,dataset_r2_gt_disease_r2,NA,chr1,839752,Island,NA,NA,NA,NA,NA
cg23360860,intergenic/no-gene,324,11.213489412924108,1,0,1,0,1,3,0.02177347825212602,1.6620721880906164,68.9992223747865,68.9992223747865,advanced_vs_nonadvanced,Advanced vs non-advanced,0.07117417820440736,higher methylation in case/higher stage,0.07117417820440736,FALSE,TRUE,stable_secondary,4,FALSE,0.4489419952036569,0.4591968989425231,0.07188742683845467,dataset_r2_gt_disease_r2,NA,chr11,91717555,OpenSea,NA,NA,TRUE,NA,NA
